sample1	sample2	expr.similarity	expr.doppel	pheno.similarity	pheno.doppel	smokinggun.similarity	smokinggun.doppel
GSE17907:GSM447216	GSE17907:GSM447222	0.9594329821395446	TRUE	NA	FALSE	NA	FALSE
GSE17907:GSM447248	GSE17907:GSM447251	0.9694687647006672	TRUE	NA	FALSE	NA	FALSE
GSE4611:GSM103259	GSE4611:GSM103276	0.9879573184021391	TRUE	NA	FALSE	NA	FALSE
GSE17907:GSM447216	GSE4611:GSM103135	0.9648284095364956	TRUE	NA	FALSE	NA	FALSE
GSE17907:GSM447216	GSE4611:GSM103196	0.9662573724272395	TRUE	NA	FALSE	NA	FALSE
