sample1	sample2	expr.similarity	expr.doppel	pheno.similarity	pheno.doppel	smokinggun.similarity	smokinggun.doppel
GSE17907:GSM447216	GSE17907:GSM447222	0.9594329821395446	TRUE	NA	FALSE	NA	FALSE
GSE17907:GSM447248	GSE17907:GSM447251	0.9694687647006672	TRUE	NA	FALSE	NA	FALSE
GSE31519:GSM782555	GSE31519:GSM782556	0.9695219335533732	TRUE	NA	FALSE	NA	FALSE
GSE17907:GSM447216	GSE31519:GSM782555	0.9575027301723212	TRUE	NA	FALSE	NA	FALSE
GSE17907:GSM447216	GSE31519:GSM782556	0.9602607355422422	TRUE	NA	FALSE	NA	FALSE
