sample1	sample2	expr.similarity	expr.doppel	pheno.similarity	pheno.doppel	smokinggun.similarity	smokinggun.doppel
GSE17907:GSM447216	GSE17907:GSM447222	0.9594329821390689	TRUE	NA	FALSE	NA	FALSE
GSE17907:GSM447248	GSE17907:GSM447251	0.9694687647005947	TRUE	NA	FALSE	NA	FALSE
GSE17705:GSM441776	GSE17907:GSM447216	0.9635682200255812	TRUE	NA	FALSE	NA	FALSE
GSE17705:GSM441783	GSE17907:GSM447216	0.9628295903131369	TRUE	NA	FALSE	NA	FALSE
