sample1	sample2	expr.similarity	expr.doppel	pheno.similarity	pheno.doppel	smokinggun.similarity	smokinggun.doppel
GSE28821:GSM713819	GSE28821:GSM713821	0.9593741806344996	TRUE	NA	FALSE	NA	FALSE
GSE28821:GSM713821	GSE28821:GSM713822	0.9614794856211731	TRUE	NA	FALSE	NA	FALSE
GSE10810:GSM272936	GSE28821:GSM713795	0.9531999927316469	TRUE	NA	FALSE	NA	FALSE
GSE10810:GSM272964	GSE28821:GSM713795	0.9525929406167672	TRUE	NA	FALSE	NA	FALSE
