sample1	sample2	expr.similarity	expr.doppel	pheno.similarity	pheno.doppel	smokinggun.similarity	smokinggun.doppel
GSE17907:GSM447216	GSE17907:GSM447222	0.9594329821395446	TRUE	NA	FALSE	NA	FALSE
GSE17907:GSM447248	GSE17907:GSM447251	0.9694687647006672	TRUE	NA	FALSE	NA	FALSE
GSE57968:GSM1398814	GSE57968:GSM1398815	0.98819839388929	TRUE	NA	FALSE	NA	FALSE
GSE57968:GSM1398848	GSE57968:GSM1398849	0.987562235998119	TRUE	NA	FALSE	NA	FALSE
GSE57968:GSM1398850	GSE57968:GSM1398851	0.9888394829254844	TRUE	NA	FALSE	NA	FALSE
GSE57968:GSM1398854	GSE57968:GSM1398855	0.989922724479422	TRUE	NA	FALSE	NA	FALSE
GSE57968:GSM1398862	GSE57968:GSM1398863	0.9910937583305457	TRUE	NA	FALSE	NA	FALSE
GSE17907:GSM447226	GSE57968:GSM1398848	0.9578428011985426	TRUE	NA	FALSE	NA	FALSE
