sample1	sample2	expr.similarity	expr.doppel	pheno.similarity	pheno.doppel	smokinggun.similarity	smokinggun.doppel
GSE11121:GSM282469	GSE11121:GSM282514	0.9815333974049848	TRUE	NA	FALSE	NA	FALSE
GSE31448:GSM781316	GSE31448:GSM781389	0.9913231383325032	TRUE	NA	FALSE	NA	FALSE
GSE31448:GSM781432	GSE31448:GSM781513	0.9950775311204462	TRUE	NA	FALSE	NA	FALSE
GSE31448:GSM781620	GSE31448:GSM781621	0.9844580944939371	TRUE	NA	FALSE	NA	FALSE
