sample1	sample2	expr.similarity	expr.doppel	pheno.similarity	pheno.doppel	smokinggun.similarity	smokinggun.doppel
GSE18728:GSM465240	GSE18728:GSM465241	0.9843221216412851	TRUE	NA	FALSE	NA	FALSE
GSE5764:GSM134693	GSE5764:GSM134694	0.9888525578131692	TRUE	NA	FALSE	NA	FALSE
GSE5764:GSM134693	GSE5764:GSM134695	0.9643134302592204	TRUE	NA	FALSE	NA	FALSE
GSE5764:GSM134694	GSE5764:GSM134695	0.9663559993172047	TRUE	NA	FALSE	NA	FALSE
GSE18728:GSM465200	GSE5764:GSM134693	0.9551605308674681	TRUE	NA	FALSE	NA	FALSE
GSE18728:GSM465200	GSE5764:GSM134694	0.9522618031269818	TRUE	NA	FALSE	NA	FALSE
