sample1	sample2	expr.similarity	expr.doppel	pheno.similarity	pheno.doppel	smokinggun.similarity	smokinggun.doppel
GSE11121:GSM282469	GSE11121:GSM282514	0.9815333974053545	TRUE	NA	FALSE	NA	FALSE
GSE28821:GSM713819	GSE28821:GSM713821	0.9593741806344996	TRUE	NA	FALSE	NA	FALSE
GSE28821:GSM713821	GSE28821:GSM713822	0.9614794856211731	TRUE	NA	FALSE	NA	FALSE
GSE11121:GSM282458	GSE28821:GSM713795	0.9621936079186387	TRUE	NA	FALSE	NA	FALSE
GSE11121:GSM282469	GSE28821:GSM713795	0.9659532162760266	TRUE	NA	FALSE	NA	FALSE
