sample1	sample2	expr.similarity	expr.doppel	pheno.similarity	pheno.doppel	smokinggun.similarity	smokinggun.doppel
GSE16873:GSM422875	GSE16873:GSM422876	0.9911652414743438	TRUE	NA	FALSE	NA	FALSE
GSE16873:GSM422888	GSE16873:GSM422889	0.9919174212290524	TRUE	NA	FALSE	NA	FALSE
GSE16873:GSM422896	GSE9574:GSM242024	0.9883265181235875	TRUE	NA	FALSE	NA	FALSE
GSE16873:GSM422880	GSE9574:GSM242025	0.9877000335313799	TRUE	NA	FALSE	NA	FALSE
GSE16873:GSM422890	GSE9574:GSM242026	0.9893291312398134	TRUE	NA	FALSE	NA	FALSE
GSE16873:GSM422887	GSE9574:GSM242027	0.9886222075469386	TRUE	NA	FALSE	NA	FALSE
