sample1	sample2	expr.similarity	expr.doppel	pheno.similarity	pheno.doppel	smokinggun.similarity	smokinggun.doppel
GSE17907:GSM447216	GSE17907:GSM447222	0.9594329821390689	TRUE	NA	FALSE	NA	FALSE
GSE17907:GSM447248	GSE17907:GSM447251	0.9694687647005947	TRUE	NA	FALSE	NA	FALSE
GSE21422:GSM535613	GSE21422:GSM535616	0.9868999636693845	TRUE	NA	FALSE	NA	FALSE
GSE17907:GSM447251	GSE21422:GSM535614	0.9682565753013455	TRUE	NA	FALSE	NA	FALSE
