sample1	sample2	expr.similarity	expr.doppel	pheno.similarity	pheno.doppel	smokinggun.similarity	smokinggun.doppel
GSE10797:GSM272717	GSE10797:GSM272718	0.969427805664324	TRUE	NA	FALSE	NA	FALSE
GSE10797:GSM272731	GSE10797:GSM272733	0.9384603690902629	TRUE	NA	FALSE	NA	FALSE
GSE10797:GSM272731	GSE10797:GSM272735	0.9440766272818434	TRUE	NA	FALSE	NA	FALSE
GSE10797:GSM272733	GSE10797:GSM272735	0.9329552325507215	TRUE	NA	FALSE	NA	FALSE
GSE5847:GSM136351	GSE5847:GSM136399	0.9866985773550211	TRUE	NA	FALSE	NA	FALSE
GSE5847:GSM136355	GSE5847:GSM136403	0.9862715559861374	TRUE	NA	FALSE	NA	FALSE
GSE5847:GSM136364	GSE5847:GSM136412	0.9876236253921381	TRUE	NA	FALSE	NA	FALSE
GSE5847:GSM136368	GSE5847:GSM136416	0.9915770968912462	TRUE	NA	FALSE	NA	FALSE
