sample1	sample2	expr.similarity	expr.doppel	pheno.similarity	pheno.doppel	smokinggun.similarity	smokinggun.doppel
GSE17907:GSM447216	GSE17907:GSM447222	0.9594329821395446	TRUE	NA	FALSE	NA	FALSE
GSE17907:GSM447248	GSE17907:GSM447251	0.9694687647006672	TRUE	NA	FALSE	NA	FALSE
GSE58984:GSM1423415	GSE58984:GSM1423425	0.9885245669434586	TRUE	NA	FALSE	NA	FALSE
GSE58984:GSM1423402	GSE58984:GSM1423427	0.9829675761577625	TRUE	NA	FALSE	NA	FALSE
