sample1	sample2	expr.similarity	expr.doppel	pheno.similarity	pheno.doppel	smokinggun.similarity	smokinggun.doppel
GSE20685:GSM519150	GSE20685:GSM519168	0.9790546959407753	TRUE	NA	FALSE	NA	FALSE
GSE20685:GSM519150	GSE20685:GSM519176	0.9792826844750272	TRUE	NA	FALSE	NA	FALSE
GSE16446:GSM411408	GSE20685:GSM519155	0.9686962833911822	TRUE	NA	FALSE	NA	FALSE
GSE16446:GSM411349	GSE20685:GSM519240	0.9674424703643416	TRUE	NA	FALSE	NA	FALSE
GSE16446:GSM411408	GSE20685:GSM519363	0.9669241518263708	TRUE	NA	FALSE	NA	FALSE
