sample1	sample2	expr.similarity	expr.doppel	pheno.similarity	pheno.doppel	smokinggun.similarity	smokinggun.doppel
GSE17907:GSM447216	GSE17907:GSM447222	0.9594329821395446	TRUE	NA	FALSE	NA	FALSE
GSE17907:GSM447248	GSE17907:GSM447251	0.9694687647006672	TRUE	NA	FALSE	NA	FALSE
GSE43365:GSM1061074	GSE43365:GSM1061093	0.982767014656889	TRUE	NA	FALSE	NA	FALSE
GSE17907:GSM447251	GSE43365:GSM1061091	0.9711892987786382	TRUE	NA	FALSE	NA	FALSE
GSE17907:GSM447216	GSE43365:GSM1061121	0.9711159676851776	TRUE	NA	FALSE	NA	FALSE
GSE17907:GSM447216	GSE43365:GSM1061126	0.9685664116187971	TRUE	NA	FALSE	NA	FALSE
