sample1	sample2	expr.similarity	expr.doppel	pheno.similarity	pheno.doppel	smokinggun.similarity	smokinggun.doppel
GSE16873:GSM422875	GSE16873:GSM422876	0.9911652414746415	TRUE	NA	FALSE	NA	FALSE
GSE16873:GSM422888	GSE16873:GSM422889	0.9919174212289287	TRUE	NA	FALSE	NA	FALSE
GSE16873:GSM422896	GSE9574:GSM242024	0.9883265181235014	TRUE	NA	FALSE	NA	FALSE
GSE16873:GSM422880	GSE9574:GSM242025	0.9877000335314462	TRUE	NA	FALSE	NA	FALSE
GSE16873:GSM422890	GSE9574:GSM242026	0.9893291312398095	TRUE	NA	FALSE	NA	FALSE
GSE16873:GSM422887	GSE9574:GSM242027	0.988622207546953	TRUE	NA	FALSE	NA	FALSE
