sample1	sample2	expr.similarity	expr.doppel	pheno.similarity	pheno.doppel	smokinggun.similarity	smokinggun.doppel
GSE17907:GSM447216	GSE17907:GSM447222	0.9594329821395446	TRUE	NA	FALSE	NA	FALSE
GSE17907:GSM447248	GSE17907:GSM447251	0.9694687647006672	TRUE	NA	FALSE	NA	FALSE
GSE21422:GSM535613	GSE21422:GSM535616	0.9868999636692661	TRUE	NA	FALSE	NA	FALSE
GSE17907:GSM447251	GSE21422:GSM535614	0.9682565753010345	TRUE	NA	FALSE	NA	FALSE
