sample1	sample2	expr.similarity	expr.doppel	pheno.similarity	pheno.doppel	smokinggun.similarity	smokinggun.doppel
GSE50948:GSM1233042	GSE50948:GSM1233043	0.9561129295420935	TRUE	NA	FALSE	NA	FALSE
GSE50948:GSM1233074	GSE50948:GSM1233075	0.9451214972618764	TRUE	NA	FALSE	NA	FALSE
GSE11001:GSM278158	GSE50948:GSM1232992	0.9026336150351085	TRUE	NA	FALSE	NA	FALSE
GSE11001:GSM278158	GSE50948:GSM1232996	0.9008530159462085	TRUE	NA	FALSE	NA	FALSE
GSE11001:GSM278158	GSE50948:GSM1233018	0.9006523044295822	TRUE	NA	FALSE	NA	FALSE
