sample1	sample2	expr.similarity	expr.doppel	pheno.similarity	pheno.doppel	smokinggun.similarity	smokinggun.doppel
GSE10797:GSM272717	GSE10797:GSM272718	0.9694278056640705	TRUE	NA	FALSE	NA	FALSE
GSE10797:GSM272731	GSE10797:GSM272733	0.9384603690905948	TRUE	NA	FALSE	NA	FALSE
GSE10797:GSM272731	GSE10797:GSM272735	0.9440766272821439	TRUE	NA	FALSE	NA	FALSE
GSE10797:GSM272733	GSE10797:GSM272735	0.9329552325508974	TRUE	NA	FALSE	NA	FALSE
GSE17907:GSM447216	GSE17907:GSM447222	0.9594329821390689	TRUE	NA	FALSE	NA	FALSE
GSE17907:GSM447248	GSE17907:GSM447251	0.9694687647005947	TRUE	NA	FALSE	NA	FALSE
GSE10797:GSM272733	GSE17907:GSM447216	0.905029351350824	TRUE	NA	FALSE	NA	FALSE
