sample1	sample2	expr.similarity	expr.doppel	pheno.similarity	pheno.doppel	smokinggun.similarity	smokinggun.doppel
GSE10797:GSM272717	GSE10797:GSM272718	0.9694278056640705	TRUE	NA	FALSE	NA	FALSE
GSE10797:GSM272731	GSE10797:GSM272733	0.9384603690905948	TRUE	NA	FALSE	NA	FALSE
GSE10797:GSM272731	GSE10797:GSM272735	0.9440766272821439	TRUE	NA	FALSE	NA	FALSE
GSE10797:GSM272733	GSE10797:GSM272735	0.9329552325508974	TRUE	NA	FALSE	NA	FALSE
GSE32646:GSM809214	GSE32646:GSM809248	0.9756765107940298	TRUE	NA	FALSE	NA	FALSE
GSE32646:GSM809248	GSE32646:GSM809251	0.9794395759096173	TRUE	NA	FALSE	NA	FALSE
GSE32646:GSM809248	GSE32646:GSM809254	0.9774218987300414	TRUE	NA	FALSE	NA	FALSE
GSE10797:GSM272733	GSE32646:GSM809292	0.9413024819899989	TRUE	NA	FALSE	NA	FALSE
