sample1	sample2	expr.similarity	expr.doppel	pheno.similarity	pheno.doppel	smokinggun.similarity	smokinggun.doppel
GSE17907:GSM447216	GSE17907:GSM447222	0.9594329821395446	TRUE	NA	FALSE	NA	FALSE
GSE17907:GSM447248	GSE17907:GSM447251	0.9694687647006672	TRUE	NA	FALSE	NA	FALSE
GSE20685:GSM519150	GSE20685:GSM519168	0.9790546959407753	TRUE	NA	FALSE	NA	FALSE
GSE20685:GSM519150	GSE20685:GSM519176	0.9792826844750272	TRUE	NA	FALSE	NA	FALSE
GSE17907:GSM447248	GSE20685:GSM519150	0.968836836957521	TRUE	NA	FALSE	NA	FALSE
GSE17907:GSM447216	GSE20685:GSM519240	0.9730326877805854	TRUE	NA	FALSE	NA	FALSE
