sample1	sample2	expr.similarity	expr.doppel	pheno.similarity	pheno.doppel	smokinggun.similarity	smokinggun.doppel
GSE12276:GSM308296	GSE12276:GSM308298	0.9777464901746175	TRUE	NA	FALSE	NA	FALSE
GSE31138:GSM770822	GSE31138:GSM770823	0.8709434273252553	TRUE	NA	FALSE	NA	FALSE
GSE12276:GSM308298	GSE31138:GSM770822	0.9584386016067452	TRUE	NA	FALSE	NA	FALSE
GSE12276:GSM308353	GSE31138:GSM770822	0.9584614716839815	TRUE	NA	FALSE	NA	FALSE
