sample1	sample2	expr.similarity	expr.doppel	pheno.similarity	pheno.doppel	smokinggun.similarity	smokinggun.doppel
GSE10780:GSM272147	GSE10780:GSM272148	0.9950535267431635	TRUE	NA	FALSE	NA	FALSE
GSE10780:GSM272165	GSE10780:GSM272166	0.9945152846126681	TRUE	NA	FALSE	NA	FALSE
GSE10780:GSM272165	GSE10780:GSM272167	0.9945174130950846	TRUE	NA	FALSE	NA	FALSE
GSE10780:GSM272166	GSE10780:GSM272167	0.9950865918105143	TRUE	NA	FALSE	NA	FALSE
GSE10780:GSM272176	GSE10780:GSM272177	0.9935190852548809	TRUE	NA	FALSE	NA	FALSE
GSE167213:GSM5099613	GSE167213:GSM5099617	0.9999999999999998	TRUE	NA	FALSE	NA	FALSE
GSE167213:GSM5099608	GSE167213:GSM5099724	1	TRUE	NA	FALSE	NA	FALSE
GSE10780:GSM272238	GSE167213:GSM5099727	0.9600788948901791	TRUE	NA	FALSE	NA	FALSE
GSE10780:GSM272240	GSE167213:GSM5099727	0.9600324369896368	TRUE	NA	FALSE	NA	FALSE
