sample1	sample2	expr.similarity	expr.doppel	pheno.similarity	pheno.doppel	smokinggun.similarity	smokinggun.doppel
GSE167213:GSM5099613	GSE167213:GSM5099617	1	TRUE	NA	FALSE	NA	FALSE
GSE167213:GSM5099608	GSE167213:GSM5099724	0.9999999999999999	TRUE	NA	FALSE	NA	FALSE
GSE5847:GSM136351	GSE5847:GSM136399	0.9866985773550246	TRUE	NA	FALSE	NA	FALSE
GSE5847:GSM136355	GSE5847:GSM136403	0.986271555986217	TRUE	NA	FALSE	NA	FALSE
GSE5847:GSM136364	GSE5847:GSM136412	0.9876236253921882	TRUE	NA	FALSE	NA	FALSE
GSE5847:GSM136368	GSE5847:GSM136416	0.9915770968910657	TRUE	NA	FALSE	NA	FALSE
