sample1	sample2	expr.similarity	expr.doppel	pheno.similarity	pheno.doppel	smokinggun.similarity	smokinggun.doppel
GSE10780:GSM272147	GSE10780:GSM272148	0.9950535267431635	TRUE	NA	FALSE	NA	FALSE
GSE10780:GSM272165	GSE10780:GSM272166	0.9945152846126681	TRUE	NA	FALSE	NA	FALSE
GSE10780:GSM272165	GSE10780:GSM272167	0.9945174130950846	TRUE	NA	FALSE	NA	FALSE
GSE10780:GSM272166	GSE10780:GSM272167	0.9950865918105143	TRUE	NA	FALSE	NA	FALSE
GSE10780:GSM272176	GSE10780:GSM272177	0.9935190852548809	TRUE	NA	FALSE	NA	FALSE
GSE25065:GSM615726	GSE25065:GSM615731	0.9621740500859317	TRUE	NA	FALSE	NA	FALSE
GSE25065:GSM615786	GSE25065:GSM615787	0.994427305030932	TRUE	NA	FALSE	NA	FALSE
GSE25065:GSM615813	GSE25065:GSM615817	0.964478588764264	TRUE	NA	FALSE	NA	FALSE
GSE25065:GSM615816	GSE25065:GSM615827	0.9679597551950622	TRUE	NA	FALSE	NA	FALSE
