sample1	sample2	expr.similarity	expr.doppel	pheno.similarity	pheno.doppel	smokinggun.similarity	smokinggun.doppel
GSE17907:GSM447216	GSE17907:GSM447222	0.9594329821390689	TRUE	NA	FALSE	NA	FALSE
GSE17907:GSM447248	GSE17907:GSM447251	0.9694687647005947	TRUE	NA	FALSE	NA	FALSE
GSE31519:GSM782555	GSE31519:GSM782556	0.9695219335524858	TRUE	NA	FALSE	NA	FALSE
GSE17907:GSM447216	GSE31519:GSM782555	0.9575027301722286	TRUE	NA	FALSE	NA	FALSE
GSE17907:GSM447216	GSE31519:GSM782556	0.9602607355415853	TRUE	NA	FALSE	NA	FALSE
