sample1	sample2	expr.similarity	expr.doppel	pheno.similarity	pheno.doppel	smokinggun.similarity	smokinggun.doppel
GSE17907:GSM447216	GSE17907:GSM447222	0.9594329821395446	TRUE	NA	FALSE	NA	FALSE
GSE17907:GSM447248	GSE17907:GSM447251	0.9694687647006672	TRUE	NA	FALSE	NA	FALSE
GSE17907:GSM447216	GSE46184:GSM1125808	0.9614299811941801	TRUE	NA	FALSE	NA	FALSE
GSE17907:GSM447216	GSE46184:GSM1125836	0.9653292693722333	TRUE	NA	FALSE	NA	FALSE
