sample1	sample2	expr.similarity	expr.doppel	pheno.similarity	pheno.doppel	smokinggun.similarity	smokinggun.doppel
GSE10281:GSM259583	GSE10281:GSM259601	0.9856563809219743	TRUE	NA	FALSE	NA	FALSE
GSE10281:GSM259585	GSE10281:GSM259603	0.9863674046840837	TRUE	NA	FALSE	NA	FALSE
GSE10281:GSM259593	GSE10281:GSM259611	0.986768098132579	TRUE	NA	FALSE	NA	FALSE
GSE5764:GSM134693	GSE5764:GSM134694	0.9888525578130294	TRUE	NA	FALSE	NA	FALSE
GSE5764:GSM134693	GSE5764:GSM134695	0.9643134302594386	TRUE	NA	FALSE	NA	FALSE
GSE5764:GSM134694	GSE5764:GSM134695	0.966355999317343	TRUE	NA	FALSE	NA	FALSE
GSE10281:GSM259608	GSE5764:GSM134702	0.9442031884144786	TRUE	NA	FALSE	NA	FALSE
