sample1	sample2	expr.similarity	expr.doppel	pheno.similarity	pheno.doppel	smokinggun.similarity	smokinggun.doppel
GSE17907:GSM447216	GSE17907:GSM447222	0.9594329821390689	TRUE	NA	FALSE	NA	FALSE
GSE17907:GSM447248	GSE17907:GSM447251	0.9694687647005947	TRUE	NA	FALSE	NA	FALSE
GSE42568:GSM1045214	GSE42568:GSM1045266	0.989841471255695	TRUE	NA	FALSE	NA	FALSE
GSE17907:GSM447251	GSE42568:GSM1045191	0.9644773390941833	TRUE	NA	FALSE	NA	FALSE
GSE17907:GSM447251	GSE42568:GSM1045195	0.9577821912202497	TRUE	NA	FALSE	NA	FALSE
GSE17907:GSM447251	GSE42568:GSM1045197	0.9593263770783607	TRUE	NA	FALSE	NA	FALSE
GSE17907:GSM447251	GSE42568:GSM1045202	0.9601617660549923	TRUE	NA	FALSE	NA	FALSE
GSE17907:GSM447216	GSE42568:GSM1045236	0.9545071703962335	TRUE	NA	FALSE	NA	FALSE
