sample1	sample2	expr.similarity	expr.doppel	pheno.similarity	pheno.doppel	smokinggun.similarity	smokinggun.doppel
GSE16873:GSM422875	GSE16873:GSM422876	0.9911652414746415	TRUE	NA	FALSE	NA	FALSE
GSE16873:GSM422888	GSE16873:GSM422889	0.9919174212289287	TRUE	NA	FALSE	NA	FALSE
GSE42568:GSM1045214	GSE42568:GSM1045266	0.989841471255695	TRUE	NA	FALSE	NA	FALSE
GSE16873:GSM422887	GSE42568:GSM1045289	0.9518451955388411	TRUE	NA	FALSE	NA	FALSE
