sample1	sample2	expr.similarity	expr.doppel	pheno.similarity	pheno.doppel	smokinggun.similarity	smokinggun.doppel
GSE43365:GSM1061074	GSE43365:GSM1061093	0.982767014656915	TRUE	NA	FALSE	NA	FALSE
GSE11001:GSM278158	GSE43365:GSM1061074	0.949388474245162	TRUE	NA	FALSE	NA	FALSE
GSE11001:GSM278158	GSE43365:GSM1061077	0.9504276166197487	TRUE	NA	FALSE	NA	FALSE
GSE11001:GSM278158	GSE43365:GSM1061094	0.9512780160476209	TRUE	NA	FALSE	NA	FALSE
GSE11001:GSM278158	GSE43365:GSM1061110	0.950966830258588	TRUE	NA	FALSE	NA	FALSE
