sample1	sample2	expr.similarity	expr.doppel	pheno.similarity	pheno.doppel	smokinggun.similarity	smokinggun.doppel
GSE11121:GSM282469	GSE11121:GSM282514	0.9815333974053545	TRUE	NA	FALSE	NA	FALSE
GSE17907:GSM447216	GSE17907:GSM447222	0.9594329821395446	TRUE	NA	FALSE	NA	FALSE
GSE17907:GSM447248	GSE17907:GSM447251	0.9694687647006672	TRUE	NA	FALSE	NA	FALSE
GSE11121:GSM282521	GSE17907:GSM447216	0.9670776946303529	TRUE	NA	FALSE	NA	FALSE
GSE11121:GSM282532	GSE17907:GSM447226	0.9654419275318085	TRUE	NA	FALSE	NA	FALSE
