sample1	sample2	expr.similarity	expr.doppel	pheno.similarity	pheno.doppel	smokinggun.similarity	smokinggun.doppel
GSE10281:GSM259583	GSE10281:GSM259601	0.9856563809219743	TRUE	NA	FALSE	NA	FALSE
GSE10281:GSM259585	GSE10281:GSM259603	0.9863674046840837	TRUE	NA	FALSE	NA	FALSE
GSE10281:GSM259593	GSE10281:GSM259611	0.986768098132579	TRUE	NA	FALSE	NA	FALSE
GSE58984:GSM1423415	GSE58984:GSM1423425	0.9885245669434586	TRUE	NA	FALSE	NA	FALSE
GSE58984:GSM1423402	GSE58984:GSM1423427	0.9829675761577625	TRUE	NA	FALSE	NA	FALSE
