sample1	sample2	expr.similarity	expr.doppel	pheno.similarity	pheno.doppel	smokinggun.similarity	smokinggun.doppel
GSE17907:GSM447216	GSE17907:GSM447222	0.9594329821390689	TRUE	NA	FALSE	NA	FALSE
GSE17907:GSM447248	GSE17907:GSM447251	0.9694687647005947	TRUE	NA	FALSE	NA	FALSE
GSE8193:GSM202717	GSE8193:GSM202737	0.9631638146611506	TRUE	NA	FALSE	NA	FALSE
GSE17907:GSM447216	GSE8193:GSM202737	0.9535573440877678	TRUE	NA	FALSE	NA	FALSE
GSE17907:GSM447216	GSE8193:GSM202753	0.9500042667120575	TRUE	NA	FALSE	NA	FALSE
