sample1	sample2	expr.similarity	expr.doppel	pheno.similarity	pheno.doppel	smokinggun.similarity	smokinggun.doppel
GSE43365:GSM1061074	GSE43365:GSM1061093	0.982767014656889	TRUE	NA	FALSE	NA	FALSE
GSE11001:GSM278158	GSE43365:GSM1061074	0.9493884742455898	TRUE	NA	FALSE	NA	FALSE
GSE11001:GSM278158	GSE43365:GSM1061077	0.9504276166194306	TRUE	NA	FALSE	NA	FALSE
GSE11001:GSM278158	GSE43365:GSM1061094	0.9512780160479141	TRUE	NA	FALSE	NA	FALSE
GSE11001:GSM278158	GSE43365:GSM1061110	0.9509668302587317	TRUE	NA	FALSE	NA	FALSE
