sample1	sample2	expr.similarity	expr.doppel	pheno.similarity	pheno.doppel	smokinggun.similarity	smokinggun.doppel
GSE5764:GSM134693	GSE5764:GSM134694	0.9888525578130294	TRUE	NA	FALSE	NA	FALSE
GSE5764:GSM134693	GSE5764:GSM134695	0.9643134302594386	TRUE	NA	FALSE	NA	FALSE
GSE5764:GSM134694	GSE5764:GSM134695	0.966355999317343	TRUE	NA	FALSE	NA	FALSE
GSE16391:GSM411248	GSE5764:GSM134693	0.9561889789371688	TRUE	NA	FALSE	NA	FALSE
GSE16391:GSM411248	GSE5764:GSM134694	0.9547557945780271	TRUE	NA	FALSE	NA	FALSE
