sample1	sample2	expr.similarity	expr.doppel	pheno.similarity	pheno.doppel	smokinggun.similarity	smokinggun.doppel
GSE12276:GSM308296	GSE12276:GSM308298	0.9777464901743996	TRUE	NA	FALSE	NA	FALSE
GSE5327:GSM120689	GSE5327:GSM120697	0.9608742149643383	TRUE	NA	FALSE	NA	FALSE
GSE5327:GSM120697	GSE5327:GSM120704	0.9694895136439062	TRUE	NA	FALSE	NA	FALSE
GSE12276:GSM308338	GSE5327:GSM120655	0.9816121281932151	TRUE	NA	FALSE	NA	FALSE
GSE12276:GSM308391	GSE5327:GSM120668	0.9838521500327312	TRUE	NA	FALSE	NA	FALSE
GSE12276:GSM308313	GSE5327:GSM120702	0.9806759937909436	TRUE	NA	FALSE	NA	FALSE
