sample1	sample2	expr.similarity	expr.doppel	pheno.similarity	pheno.doppel	smokinggun.similarity	smokinggun.doppel
GSE10797:GSM272717	GSE10797:GSM272718	0.9694278056640705	TRUE	NA	FALSE	NA	FALSE
GSE10797:GSM272731	GSE10797:GSM272733	0.9384603690905948	TRUE	NA	FALSE	NA	FALSE
GSE10797:GSM272731	GSE10797:GSM272735	0.9440766272821439	TRUE	NA	FALSE	NA	FALSE
GSE10797:GSM272733	GSE10797:GSM272735	0.9329552325508974	TRUE	NA	FALSE	NA	FALSE
GSE8193:GSM202717	GSE8193:GSM202737	0.9631638146611506	TRUE	NA	FALSE	NA	FALSE
GSE10797:GSM272733	GSE8193:GSM202717	0.9198101771747971	TRUE	NA	FALSE	NA	FALSE
GSE10797:GSM272731	GSE8193:GSM202726	0.9239195485719967	TRUE	NA	FALSE	NA	FALSE
GSE10797:GSM272733	GSE8193:GSM202726	0.9248668774516969	TRUE	NA	FALSE	NA	FALSE
