sample1	sample2	expr.similarity	expr.doppel	pheno.similarity	pheno.doppel	smokinggun.similarity	smokinggun.doppel
GSE10281:GSM259583	GSE10281:GSM259601	0.9856563809219743	TRUE	NA	FALSE	NA	FALSE
GSE10281:GSM259585	GSE10281:GSM259603	0.9863674046840837	TRUE	NA	FALSE	NA	FALSE
GSE10281:GSM259593	GSE10281:GSM259611	0.986768098132579	TRUE	NA	FALSE	NA	FALSE
GSE120129:GSM3394117	GSE120129:GSM3394127	0.9955740767153083	TRUE	NA	FALSE	NA	FALSE
