sample1	sample2	expr.similarity	expr.doppel	pheno.similarity	pheno.doppel	smokinggun.similarity	smokinggun.doppel
GSE10780:GSM272147	GSE10780:GSM272148	0.9950535267431818	TRUE	NA	FALSE	NA	FALSE
GSE10780:GSM272165	GSE10780:GSM272166	0.994515284612719	TRUE	NA	FALSE	NA	FALSE
GSE10780:GSM272165	GSE10780:GSM272167	0.9945174130951634	TRUE	NA	FALSE	NA	FALSE
GSE10780:GSM272166	GSE10780:GSM272167	0.9950865918103254	TRUE	NA	FALSE	NA	FALSE
GSE10780:GSM272176	GSE10780:GSM272177	0.9935190852548121	TRUE	NA	FALSE	NA	FALSE
GSE17907:GSM447216	GSE17907:GSM447222	0.9594329821390689	TRUE	NA	FALSE	NA	FALSE
GSE17907:GSM447248	GSE17907:GSM447251	0.9694687647005947	TRUE	NA	FALSE	NA	FALSE
GSE10780:GSM272191	GSE17907:GSM447216	0.9746467219688006	TRUE	NA	FALSE	NA	FALSE
