sample1	sample2	expr.similarity	expr.doppel	pheno.similarity	pheno.doppel	smokinggun.similarity	smokinggun.doppel
GSE16873:GSM422875	GSE16873:GSM422876	0.9911652414746415	TRUE	NA	FALSE	NA	FALSE
GSE16873:GSM422888	GSE16873:GSM422889	0.9919174212289287	TRUE	NA	FALSE	NA	FALSE
GSE11001:GSM278158	GSE16873:GSM422880	0.8988321741853481	TRUE	NA	FALSE	NA	FALSE
GSE11001:GSM278158	GSE16873:GSM422887	0.9073439958028017	TRUE	NA	FALSE	NA	FALSE
