sample1	sample2	expr.similarity	expr.doppel	pheno.similarity	pheno.doppel	smokinggun.similarity	smokinggun.doppel
GSE17907:GSM447216	GSE17907:GSM447222	0.9594329821395446	TRUE	NA	FALSE	NA	FALSE
GSE17907:GSM447248	GSE17907:GSM447251	0.9694687647006672	TRUE	NA	FALSE	NA	FALSE
GSE42568:GSM1045214	GSE42568:GSM1045266	0.989841471255569	TRUE	NA	FALSE	NA	FALSE
GSE17907:GSM447251	GSE42568:GSM1045191	0.9644773390943082	TRUE	NA	FALSE	NA	FALSE
GSE17907:GSM447251	GSE42568:GSM1045195	0.9577821912201847	TRUE	NA	FALSE	NA	FALSE
GSE17907:GSM447251	GSE42568:GSM1045197	0.9593263770784209	TRUE	NA	FALSE	NA	FALSE
GSE17907:GSM447251	GSE42568:GSM1045202	0.9601617660549291	TRUE	NA	FALSE	NA	FALSE
GSE17907:GSM447216	GSE42568:GSM1045236	0.9545071703967746	TRUE	NA	FALSE	NA	FALSE
