sample1	sample2	expr.similarity	expr.doppel	pheno.similarity	pheno.doppel	smokinggun.similarity	smokinggun.doppel
GSE10281:GSM259583	GSE10281:GSM259601	0.9856563809219743	TRUE	NA	FALSE	NA	FALSE
GSE10281:GSM259585	GSE10281:GSM259603	0.9863674046840837	TRUE	NA	FALSE	NA	FALSE
GSE10281:GSM259593	GSE10281:GSM259611	0.986768098132579	TRUE	NA	FALSE	NA	FALSE
GSE16873:GSM422875	GSE16873:GSM422876	0.9911652414743438	TRUE	NA	FALSE	NA	FALSE
GSE16873:GSM422888	GSE16873:GSM422889	0.9919174212290524	TRUE	NA	FALSE	NA	FALSE
