sample1	sample2	expr.similarity	expr.doppel	pheno.similarity	pheno.doppel	smokinggun.similarity	smokinggun.doppel
GSE16873:GSM422875	GSE16873:GSM422876	0.9911652414746415	TRUE	NA	FALSE	NA	FALSE
GSE16873:GSM422888	GSE16873:GSM422889	0.9919174212289287	TRUE	NA	FALSE	NA	FALSE
GSE16873:GSM422883	GSE20437:GSM512561	0.98327368740098	TRUE	NA	FALSE	NA	FALSE
GSE16873:GSM422887	GSE20437:GSM512563	0.9862575394638589	TRUE	NA	FALSE	NA	FALSE
GSE16873:GSM422893	GSE20437:GSM512573	0.9842766895726756	TRUE	NA	FALSE	NA	FALSE
