sample1	sample2	expr.similarity	expr.doppel	pheno.similarity	pheno.doppel	smokinggun.similarity	smokinggun.doppel
GSE167213:GSM5099613	GSE167213:GSM5099617	1	TRUE	NA	FALSE	NA	FALSE
GSE167213:GSM5099608	GSE167213:GSM5099724	0.9999999999999999	TRUE	NA	FALSE	NA	FALSE
GSE32646:GSM809214	GSE32646:GSM809248	0.9756765107940298	TRUE	NA	FALSE	NA	FALSE
GSE32646:GSM809248	GSE32646:GSM809251	0.9794395759096173	TRUE	NA	FALSE	NA	FALSE
GSE32646:GSM809248	GSE32646:GSM809254	0.9774218987300414	TRUE	NA	FALSE	NA	FALSE
