sample1	sample2	expr.similarity	expr.doppel	pheno.similarity	pheno.doppel	smokinggun.similarity	smokinggun.doppel
GSE16873:GSM422875	GSE16873:GSM422876	0.9911652414746415	TRUE	NA	FALSE	NA	FALSE
GSE16873:GSM422888	GSE16873:GSM422889	0.9919174212289287	TRUE	NA	FALSE	NA	FALSE
GSE16873:GSM422893	GSE21947:GSM512573	0.984401810041069	TRUE	NA	FALSE	NA	FALSE
GSE16873:GSM422877	GSE21947:GSM546468	0.9855736320917221	TRUE	NA	FALSE	NA	FALSE
GSE16873:GSM422896	GSE21947:GSM546470	0.9852895365875152	TRUE	NA	FALSE	NA	FALSE
GSE16873:GSM422899	GSE21947:GSM546471	0.9851369746237478	TRUE	NA	FALSE	NA	FALSE
GSE16873:GSM422903	GSE21947:GSM546475	0.9868908957090686	TRUE	NA	FALSE	NA	FALSE
GSE16873:GSM422907	GSE21947:GSM546476	0.9848871746434485	TRUE	NA	FALSE	NA	FALSE
