sample1	sample2	expr.similarity	expr.doppel	pheno.similarity	pheno.doppel	smokinggun.similarity	smokinggun.doppel
GSE12093:GSM305221	GSE12093:GSM305237	0.9726268629686541	TRUE	NA	FALSE	NA	FALSE
GSE2603:GSM49953	GSE2603:GSM49954	0.9971917750380658	TRUE	NA	FALSE	NA	FALSE
GSE2603:GSM49956	GSE2603:GSM49957	0.9959418848391722	TRUE	NA	FALSE	NA	FALSE
GSE12093:GSM305202	GSE2603:GSM50049	0.9565692451382711	TRUE	NA	FALSE	NA	FALSE
GSE12093:GSM305215	GSE2603:GSM50049	0.9548873877937827	TRUE	NA	FALSE	NA	FALSE
