sample1	sample2	expr.similarity	expr.doppel	pheno.similarity	pheno.doppel	smokinggun.similarity	smokinggun.doppel
GSE17907:GSM447216	GSE17907:GSM447222	0.9594329821390689	TRUE	NA	FALSE	NA	FALSE
GSE17907:GSM447248	GSE17907:GSM447251	0.9694687647005947	TRUE	NA	FALSE	NA	FALSE
GSE43365:GSM1061074	GSE43365:GSM1061093	0.982767014656915	TRUE	NA	FALSE	NA	FALSE
GSE17907:GSM447251	GSE43365:GSM1061091	0.9711892987790933	TRUE	NA	FALSE	NA	FALSE
GSE17907:GSM447216	GSE43365:GSM1061121	0.9711159676852547	TRUE	NA	FALSE	NA	FALSE
GSE17907:GSM447216	GSE43365:GSM1061126	0.9685664116191172	TRUE	NA	FALSE	NA	FALSE
