sample1	sample2	expr.similarity	expr.doppel	pheno.similarity	pheno.doppel	smokinggun.similarity	smokinggun.doppel
GSE17907:GSM447216	GSE17907:GSM447222	0.9594329821395446	TRUE	NA	FALSE	NA	FALSE
GSE17907:GSM447248	GSE17907:GSM447251	0.9694687647006672	TRUE	NA	FALSE	NA	FALSE
GSE32518:GSM805338	GSE32518:GSM805339	0.9886390426044847	TRUE	NA	FALSE	NA	FALSE
GSE32518:GSM805360	GSE32518:GSM805362	0.9946967862606085	TRUE	NA	FALSE	NA	FALSE
GSE17907:GSM447216	GSE32518:GSM805321	0.9617004659301336	TRUE	NA	FALSE	NA	FALSE
