sample1	sample2	expr.similarity	expr.doppel	pheno.similarity	pheno.doppel	smokinggun.similarity	smokinggun.doppel
GSE17907:GSM447216	GSE17907:GSM447222	0.9594329821390689	TRUE	NA	FALSE	NA	FALSE
GSE17907:GSM447248	GSE17907:GSM447251	0.9694687647005947	TRUE	NA	FALSE	NA	FALSE
GSE86374:GSM2301131	GSE86374:GSM2301133	0.995036677660681	TRUE	NA	FALSE	NA	FALSE
GSE17907:GSM447216	GSE86374:GSM2301156	0.9618214291029147	TRUE	NA	FALSE	NA	FALSE
