sample1	sample2	expr.similarity	expr.doppel	pheno.similarity	pheno.doppel	smokinggun.similarity	smokinggun.doppel
GSE10780:GSM272147	GSE10780:GSM272148	0.9950535267431635	TRUE	NA	FALSE	NA	FALSE
GSE10780:GSM272165	GSE10780:GSM272166	0.9945152846126681	TRUE	NA	FALSE	NA	FALSE
GSE10780:GSM272165	GSE10780:GSM272167	0.9945174130950846	TRUE	NA	FALSE	NA	FALSE
GSE10780:GSM272166	GSE10780:GSM272167	0.9950865918105143	TRUE	NA	FALSE	NA	FALSE
GSE10780:GSM272176	GSE10780:GSM272177	0.9935190852548809	TRUE	NA	FALSE	NA	FALSE
GSE28821:GSM713819	GSE28821:GSM713821	0.9593741806344996	TRUE	NA	FALSE	NA	FALSE
GSE28821:GSM713821	GSE28821:GSM713822	0.9614794856211731	TRUE	NA	FALSE	NA	FALSE
GSE10780:GSM272151	GSE28821:GSM713795	0.9631038059678366	TRUE	NA	FALSE	NA	FALSE
GSE10780:GSM272152	GSE28821:GSM713795	0.9625999383311776	TRUE	NA	FALSE	NA	FALSE
