sample1	sample2	expr.similarity	expr.doppel	pheno.similarity	pheno.doppel	smokinggun.similarity	smokinggun.doppel
GSE16873:GSM422875	GSE16873:GSM422876	0.9911652414746415	TRUE	NA	FALSE	NA	FALSE
GSE16873:GSM422888	GSE16873:GSM422889	0.9919174212289287	TRUE	NA	FALSE	NA	FALSE
GSE61304:GSM1501820	GSE61304:GSM1501849	0.9762930978768165	TRUE	NA	FALSE	NA	FALSE
GSE61304:GSM1501849	GSE61304:GSM1501879	0.9780937509450245	TRUE	NA	FALSE	NA	FALSE
