sample1	sample2	expr.similarity	expr.doppel	pheno.similarity	pheno.doppel	smokinggun.similarity	smokinggun.doppel
GSE5764:GSM134693	GSE5764:GSM134694	0.9888525578130294	TRUE	NA	FALSE	NA	FALSE
GSE5764:GSM134693	GSE5764:GSM134695	0.9643134302594386	TRUE	NA	FALSE	NA	FALSE
GSE5764:GSM134694	GSE5764:GSM134695	0.966355999317343	TRUE	NA	FALSE	NA	FALSE
GSE12763:GSM320217	GSE5764:GSM134702	0.9289037908943952	TRUE	NA	FALSE	NA	FALSE
GSE12763:GSM320219	GSE5764:GSM134702	0.9305006508686716	TRUE	NA	FALSE	NA	FALSE
GSE12763:GSM320236	GSE5764:GSM134702	0.9294670666435417	TRUE	NA	FALSE	NA	FALSE
