sample1	sample2	expr.similarity	expr.doppel	pheno.similarity	pheno.doppel	smokinggun.similarity	smokinggun.doppel
GSE17907:GSM447216	GSE17907:GSM447222	0.9594329821390689	TRUE	NA	FALSE	NA	FALSE
GSE17907:GSM447248	GSE17907:GSM447251	0.9694687647005947	TRUE	NA	FALSE	NA	FALSE
GSE25065:GSM615726	GSE25065:GSM615731	0.9621740500858368	TRUE	NA	FALSE	NA	FALSE
GSE25065:GSM615786	GSE25065:GSM615787	0.994427305030603	TRUE	NA	FALSE	NA	FALSE
GSE25065:GSM615813	GSE25065:GSM615817	0.9644785887638956	TRUE	NA	FALSE	NA	FALSE
GSE25065:GSM615816	GSE25065:GSM615827	0.9679597572100032	TRUE	NA	FALSE	NA	FALSE
