sample1	sample2	expr.similarity	expr.doppel	pheno.similarity	pheno.doppel	smokinggun.similarity	smokinggun.doppel
GSE10281:GSM259583	GSE10281:GSM259601	0.9856563809219743	TRUE	NA	FALSE	NA	FALSE
GSE10281:GSM259585	GSE10281:GSM259603	0.9863674046840837	TRUE	NA	FALSE	NA	FALSE
GSE10281:GSM259593	GSE10281:GSM259611	0.986768098132579	TRUE	NA	FALSE	NA	FALSE
GSE28821:GSM713819	GSE28821:GSM713821	0.9593741806344996	TRUE	NA	FALSE	NA	FALSE
GSE28821:GSM713821	GSE28821:GSM713822	0.9614794856211731	TRUE	NA	FALSE	NA	FALSE
