sample1	sample2	expr.similarity	expr.doppel	pheno.similarity	pheno.doppel	smokinggun.similarity	smokinggun.doppel
GSE167213:GSM5099613	GSE167213:GSM5099617	1	TRUE	NA	FALSE	NA	FALSE
GSE167213:GSM5099608	GSE167213:GSM5099724	0.9999999999999999	TRUE	NA	FALSE	NA	FALSE
GSE5764:GSM134693	GSE5764:GSM134694	0.9888525578131692	TRUE	NA	FALSE	NA	FALSE
GSE5764:GSM134693	GSE5764:GSM134695	0.9643134302592204	TRUE	NA	FALSE	NA	FALSE
GSE5764:GSM134694	GSE5764:GSM134695	0.9663559993172047	TRUE	NA	FALSE	NA	FALSE
GSE167213:GSM5099668	GSE5764:GSM134702	0.9185454989861824	TRUE	NA	FALSE	NA	FALSE
GSE167213:GSM5099694	GSE5764:GSM134702	0.9170176748057296	TRUE	NA	FALSE	NA	FALSE
