sample1	sample2	expr.similarity	expr.doppel	pheno.similarity	pheno.doppel	smokinggun.similarity	smokinggun.doppel
GSE167213:GSM5099613	GSE167213:GSM5099617	0.9999999999999998	TRUE	NA	FALSE	NA	FALSE
GSE167213:GSM5099608	GSE167213:GSM5099724	1	TRUE	NA	FALSE	NA	FALSE
GSE5764:GSM134693	GSE5764:GSM134694	0.9888525578130294	TRUE	NA	FALSE	NA	FALSE
GSE5764:GSM134693	GSE5764:GSM134695	0.9643134302594386	TRUE	NA	FALSE	NA	FALSE
GSE5764:GSM134694	GSE5764:GSM134695	0.966355999317343	TRUE	NA	FALSE	NA	FALSE
GSE167213:GSM5099668	GSE5764:GSM134702	0.9185454989853613	TRUE	NA	FALSE	NA	FALSE
GSE167213:GSM5099694	GSE5764:GSM134702	0.9170176748060249	TRUE	NA	FALSE	NA	FALSE
