sample1	sample2	expr.similarity	expr.doppel	pheno.similarity	pheno.doppel	smokinggun.similarity	smokinggun.doppel
GSE16873:GSM422875	GSE16873:GSM422876	0.9911652414746415	TRUE	NA	FALSE	NA	FALSE
GSE16873:GSM422888	GSE16873:GSM422889	0.9919174212289287	TRUE	NA	FALSE	NA	FALSE
GSE13787:GSM346889	GSE16873:GSM422880	0.9408243448510603	TRUE	NA	FALSE	NA	FALSE
GSE13787:GSM346889	GSE16873:GSM422887	0.9419405821024603	TRUE	NA	FALSE	NA	FALSE
