sample1	sample2	expr.similarity	expr.doppel	pheno.similarity	pheno.doppel	smokinggun.similarity	smokinggun.doppel
GSE17907:GSM447216	GSE17907:GSM447222	0.9594329821395446	TRUE	NA	FALSE	NA	FALSE
GSE17907:GSM447248	GSE17907:GSM447251	0.9694687647006672	TRUE	NA	FALSE	NA	FALSE
GSE8193:GSM202717	GSE8193:GSM202737	0.963163814660791	TRUE	NA	FALSE	NA	FALSE
GSE17907:GSM447216	GSE8193:GSM202737	0.9535573440880732	TRUE	NA	FALSE	NA	FALSE
GSE17907:GSM447216	GSE8193:GSM202753	0.9500042667117055	TRUE	NA	FALSE	NA	FALSE
