sample1	sample2	expr.similarity	expr.doppel	pheno.similarity	pheno.doppel	smokinggun.similarity	smokinggun.doppel
GSE17907:GSM447216	GSE17907:GSM447222	0.9594329821395446	TRUE	NA	FALSE	NA	FALSE
GSE17907:GSM447248	GSE17907:GSM447251	0.9694687647006672	TRUE	NA	FALSE	NA	FALSE
GSE17907:GSM447216	GSE3494_U133B:GSM79429	0.9632968563481952	TRUE	NA	FALSE	NA	FALSE
GSE17907:GSM447226	GSE3494_U133B:GSM79468	0.9668056801965111	TRUE	NA	FALSE	NA	FALSE
GSE17907:GSM447216	GSE3494_U133B:GSM79512	0.9670779995473656	TRUE	NA	FALSE	NA	FALSE
