sample1	sample2	expr.similarity	expr.doppel	pheno.similarity	pheno.doppel	smokinggun.similarity	smokinggun.doppel
GSE21422:GSM535613	GSE21422:GSM535616	0.9868999636692661	TRUE	NA	FALSE	NA	FALSE
GSE61304:GSM1501820	GSE61304:GSM1501849	0.9762930978767564	TRUE	NA	FALSE	NA	FALSE
GSE61304:GSM1501849	GSE61304:GSM1501879	0.9780937509449628	TRUE	NA	FALSE	NA	FALSE
GSE21422:GSM535614	GSE61304:GSM1501849	0.9723123010329756	TRUE	NA	FALSE	NA	FALSE
GSE21422:GSM535615	GSE61304:GSM1501865	0.9750226742151644	TRUE	NA	FALSE	NA	FALSE
