sample1	sample2	expr.similarity	expr.doppel	pheno.similarity	pheno.doppel	smokinggun.similarity	smokinggun.doppel
GSE20685:GSM519150	GSE20685:GSM519168	0.9790546959407753	TRUE	NA	FALSE	NA	FALSE
GSE20685:GSM519150	GSE20685:GSM519176	0.9792826844750272	TRUE	NA	FALSE	NA	FALSE
GSE31138:GSM770822	GSE31138:GSM770823	0.8709434273252553	TRUE	NA	FALSE	NA	FALSE
GSE20685:GSM519229	GSE31138:GSM770822	0.9661365734957328	TRUE	NA	FALSE	NA	FALSE
GSE20685:GSM519375	GSE31138:GSM770822	0.9673698813408548	TRUE	NA	FALSE	NA	FALSE
