sample1	sample2	expr.similarity	expr.doppel	pheno.similarity	pheno.doppel	smokinggun.similarity	smokinggun.doppel
GSE25055:GSM615301	GSE25055:GSM615333	0.97928792405572	TRUE	NA	FALSE	NA	FALSE
GSE50948:GSM1233042	GSE50948:GSM1233043	0.9561129295420935	TRUE	NA	FALSE	NA	FALSE
GSE50948:GSM1233074	GSE50948:GSM1233075	0.9451214972618764	TRUE	NA	FALSE	NA	FALSE
GSE25055:GSM615207	GSE50948:GSM1233069	0.9292678850112213	TRUE	NA	FALSE	NA	FALSE
