sample1	sample2	expr.similarity	expr.doppel	pheno.similarity	pheno.doppel	smokinggun.similarity	smokinggun.doppel
GSE23720:GSM585429	GSE23720:GSM585430	0.9844580944939371	TRUE	NA	FALSE	NA	FALSE
GSE58644:GSM1415998	GSE58644:GSM1416042	0.9820228397743764	TRUE	NA	FALSE	NA	FALSE
GSE58644:GSM1416000	GSE58644:GSM1416043	0.9812933416377839	TRUE	NA	FALSE	NA	FALSE
GSE58644:GSM1416084	GSE58644:GSM1416085	0.9964761028574675	TRUE	NA	FALSE	NA	FALSE
GSE58644:GSM1416061	GSE58644:GSM1416153	0.9892393040091605	TRUE	NA	FALSE	NA	FALSE
GSE23720:GSM585321	GSE58644:GSM1416031	0.973870397006354	TRUE	NA	FALSE	NA	FALSE
