sample1	sample2	expr.similarity	expr.doppel	pheno.similarity	pheno.doppel	smokinggun.similarity	smokinggun.doppel
GSE25065:GSM615726	GSE25065:GSM615731	0.9621740500858368	TRUE	NA	FALSE	NA	FALSE
GSE25065:GSM615786	GSE25065:GSM615787	0.994427305030603	TRUE	NA	FALSE	NA	FALSE
GSE25065:GSM615813	GSE25065:GSM615817	0.9644785887638956	TRUE	NA	FALSE	NA	FALSE
GSE25065:GSM615816	GSE25065:GSM615827	0.9679597572100032	TRUE	NA	FALSE	NA	FALSE
GSE57968:GSM1398814	GSE57968:GSM1398815	0.9881983938894046	TRUE	NA	FALSE	NA	FALSE
GSE57968:GSM1398848	GSE57968:GSM1398849	0.9875622359980573	TRUE	NA	FALSE	NA	FALSE
GSE57968:GSM1398850	GSE57968:GSM1398851	0.9888394829256831	TRUE	NA	FALSE	NA	FALSE
GSE57968:GSM1398854	GSE57968:GSM1398855	0.9899227244792236	TRUE	NA	FALSE	NA	FALSE
GSE57968:GSM1398862	GSE57968:GSM1398863	0.9910937583305207	TRUE	NA	FALSE	NA	FALSE
