sample1	sample2	expr.similarity	expr.doppel	pheno.similarity	pheno.doppel	smokinggun.similarity	smokinggun.doppel
GSE28821:GSM713819	GSE28821:GSM713821	0.9593741806344996	TRUE	NA	FALSE	NA	FALSE
GSE28821:GSM713821	GSE28821:GSM713822	0.9614794856211731	TRUE	NA	FALSE	NA	FALSE
GSE58984:GSM1423415	GSE58984:GSM1423425	0.9885245669434586	TRUE	NA	FALSE	NA	FALSE
GSE58984:GSM1423402	GSE58984:GSM1423427	0.9829675761577625	TRUE	NA	FALSE	NA	FALSE
