sample1	sample2	expr.similarity	expr.doppel	pheno.similarity	pheno.doppel	smokinggun.similarity	smokinggun.doppel
GSE20685:GSM519150	GSE20685:GSM519168	0.9790546959407753	TRUE	NA	FALSE	NA	FALSE
GSE20685:GSM519150	GSE20685:GSM519176	0.9792826844750272	TRUE	NA	FALSE	NA	FALSE
GSE61304:GSM1501820	GSE61304:GSM1501849	0.9762930978767564	TRUE	NA	FALSE	NA	FALSE
GSE61304:GSM1501849	GSE61304:GSM1501879	0.9780937509449628	TRUE	NA	FALSE	NA	FALSE
GSE20685:GSM519150	GSE61304:GSM1501820	0.9826922520128567	TRUE	NA	FALSE	NA	FALSE
