sample1	sample2	expr.similarity	expr.doppel	pheno.similarity	pheno.doppel	smokinggun.similarity	smokinggun.doppel
GSE2603:GSM49953	GSE2603:GSM49954	0.9971917750380658	TRUE	NA	FALSE	NA	FALSE
GSE2603:GSM49956	GSE2603:GSM49957	0.9959418848391722	TRUE	NA	FALSE	NA	FALSE
GSE5847:GSM136351	GSE5847:GSM136399	0.9866985773550246	TRUE	NA	FALSE	NA	FALSE
GSE5847:GSM136355	GSE5847:GSM136403	0.986271555986217	TRUE	NA	FALSE	NA	FALSE
GSE5847:GSM136364	GSE5847:GSM136412	0.9876236253921882	TRUE	NA	FALSE	NA	FALSE
GSE5847:GSM136368	GSE5847:GSM136416	0.9915770968910657	TRUE	NA	FALSE	NA	FALSE
