sample1	sample2	expr.similarity	expr.doppel	pheno.similarity	pheno.doppel	smokinggun.similarity	smokinggun.doppel
GSE2603:GSM49953	GSE2603:GSM49954	0.9971917750380132	TRUE	NA	FALSE	NA	FALSE
GSE2603:GSM49956	GSE2603:GSM49957	0.9959418848391262	TRUE	NA	FALSE	NA	FALSE
GSE32518:GSM805338	GSE32518:GSM805339	0.9886390426044847	TRUE	NA	FALSE	NA	FALSE
GSE32518:GSM805360	GSE32518:GSM805362	0.9946967862606085	TRUE	NA	FALSE	NA	FALSE
GSE2603:GSM50049	GSE32518:GSM805349	0.9660326330386881	TRUE	NA	FALSE	NA	FALSE
