sample1	sample2	expr.similarity	expr.doppel	pheno.similarity	pheno.doppel	smokinggun.similarity	smokinggun.doppel
GSE21422:GSM535613	GSE21422:GSM535616	0.9868999636693845	TRUE	NA	FALSE	NA	FALSE
GSE25055:GSM615301	GSE25055:GSM615333	0.97928792405572	TRUE	NA	FALSE	NA	FALSE
GSE21422:GSM535605	GSE25055:GSM615122	0.9474030563099833	TRUE	NA	FALSE	NA	FALSE
GSE21422:GSM535605	GSE25055:GSM615170	0.9556141756395246	TRUE	NA	FALSE	NA	FALSE
GSE21422:GSM535605	GSE25055:GSM615173	0.951190516275444	TRUE	NA	FALSE	NA	FALSE
