sample1	sample2	expr.similarity	expr.doppel	pheno.similarity	pheno.doppel	smokinggun.similarity	smokinggun.doppel
GSE21422:GSM535613	GSE21422:GSM535616	0.9868999636692661	TRUE	NA	FALSE	NA	FALSE
GSE25055:GSM615301	GSE25055:GSM615333	0.9792879240561342	TRUE	NA	FALSE	NA	FALSE
GSE21422:GSM535605	GSE25055:GSM615122	0.9474030563111909	TRUE	NA	FALSE	NA	FALSE
GSE21422:GSM535605	GSE25055:GSM615170	0.955614175639334	TRUE	NA	FALSE	NA	FALSE
GSE21422:GSM535605	GSE25055:GSM615173	0.9511905162757607	TRUE	NA	FALSE	NA	FALSE
