sample1	sample2	expr.similarity	expr.doppel	pheno.similarity	pheno.doppel	smokinggun.similarity	smokinggun.doppel
GSE5764:GSM134693	GSE5764:GSM134694	0.9888525578131692	TRUE	NA	FALSE	NA	FALSE
GSE5764:GSM134693	GSE5764:GSM134695	0.9643134302592204	TRUE	NA	FALSE	NA	FALSE
GSE5764:GSM134694	GSE5764:GSM134695	0.9663559993172047	TRUE	NA	FALSE	NA	FALSE
GSE20711:GSM519730	GSE5764:GSM134702	0.9530103452624658	TRUE	NA	FALSE	NA	FALSE
GSE20711:GSM519786	GSE5764:GSM134702	0.9487806070110139	TRUE	NA	FALSE	NA	FALSE
