sample1	sample2	expr.similarity	expr.doppel	pheno.similarity	pheno.doppel	smokinggun.similarity	smokinggun.doppel
GSE20685:GSM519150	GSE20685:GSM519168	0.9790546959412301	TRUE	NA	FALSE	NA	FALSE
GSE20685:GSM519150	GSE20685:GSM519176	0.9792826844751569	TRUE	NA	FALSE	NA	FALSE
GSE5764:GSM134693	GSE5764:GSM134694	0.9888525578131692	TRUE	NA	FALSE	NA	FALSE
GSE5764:GSM134693	GSE5764:GSM134695	0.9643134302592204	TRUE	NA	FALSE	NA	FALSE
GSE5764:GSM134694	GSE5764:GSM134695	0.9663559993172047	TRUE	NA	FALSE	NA	FALSE
GSE20685:GSM519263	GSE5764:GSM134695	0.9650343894819758	TRUE	NA	FALSE	NA	FALSE
