sample1	sample2	expr.similarity	expr.doppel	pheno.similarity	pheno.doppel	smokinggun.similarity	smokinggun.doppel
GSE20685:GSM519150	GSE20685:GSM519168	0.9790546959412301	TRUE	NA	FALSE	NA	FALSE
GSE20685:GSM519150	GSE20685:GSM519176	0.9792826844751569	TRUE	NA	FALSE	NA	FALSE
GSE32518:GSM805338	GSE32518:GSM805339	0.9886390426047007	TRUE	NA	FALSE	NA	FALSE
GSE32518:GSM805360	GSE32518:GSM805362	0.9946967862607319	TRUE	NA	FALSE	NA	FALSE
