sample1	sample2	expr.similarity	expr.doppel	pheno.similarity	pheno.doppel	smokinggun.similarity	smokinggun.doppel
GSE25065:GSM615726	GSE25065:GSM615731	0.9621740500859317	TRUE	NA	FALSE	NA	FALSE
GSE25065:GSM615786	GSE25065:GSM615787	0.994427305030932	TRUE	NA	FALSE	NA	FALSE
GSE25065:GSM615813	GSE25065:GSM615817	0.964478588764264	TRUE	NA	FALSE	NA	FALSE
GSE25065:GSM615816	GSE25065:GSM615827	0.9679597551950622	TRUE	NA	FALSE	NA	FALSE
GSE25065:GSM615826	GSE47109:GSM1144918	0.9464402283204119	TRUE	NA	FALSE	NA	FALSE
GSE25065:GSM615817	GSE47109:GSM1145018	0.948560558745632	TRUE	NA	FALSE	NA	FALSE
