sample1	sample2	expr.similarity	expr.doppel	pheno.similarity	pheno.doppel	smokinggun.similarity	smokinggun.doppel
GSE25065:GSM615726	GSE25065:GSM615731	0.9621740500858368	TRUE	NA	FALSE	NA	FALSE
GSE25065:GSM615786	GSE25065:GSM615787	0.994427305030603	TRUE	NA	FALSE	NA	FALSE
GSE25065:GSM615813	GSE25065:GSM615817	0.9644785887638956	TRUE	NA	FALSE	NA	FALSE
GSE25065:GSM615816	GSE25065:GSM615827	0.9679597572100032	TRUE	NA	FALSE	NA	FALSE
GSE32518:GSM805338	GSE32518:GSM805339	0.9886390426047007	TRUE	NA	FALSE	NA	FALSE
GSE32518:GSM805360	GSE32518:GSM805362	0.9946967862607319	TRUE	NA	FALSE	NA	FALSE
GSE25065:GSM615717	GSE32518:GSM805364	0.9926927873008388	TRUE	NA	FALSE	NA	FALSE
GSE25065:GSM615719	GSE32518:GSM805366	0.992739854237287	TRUE	NA	FALSE	NA	FALSE
