sample1	sample2	expr.similarity	expr.doppel	pheno.similarity	pheno.doppel	smokinggun.similarity	smokinggun.doppel
GSE25065:GSM615726	GSE25065:GSM615731	0.9621740500859317	TRUE	NA	FALSE	NA	FALSE
GSE25065:GSM615786	GSE25065:GSM615787	0.994427305030932	TRUE	NA	FALSE	NA	FALSE
GSE25065:GSM615813	GSE25065:GSM615817	0.964478588764264	TRUE	NA	FALSE	NA	FALSE
GSE25065:GSM615816	GSE25065:GSM615827	0.9679597551950622	TRUE	NA	FALSE	NA	FALSE
GSE8193:GSM202717	GSE8193:GSM202737	0.963163814660791	TRUE	NA	FALSE	NA	FALSE
GSE25065:GSM615827	GSE8193:GSM202716	0.94802139879306635	TRUE	NA	FALSE	NA	FALSE
GSE25065:GSM615765	GSE8193:GSM202717	0.9458173060959079	TRUE	NA	FALSE	NA	FALSE
GSE25065:GSM615817	GSE8193:GSM202737	0.9447837717536557	TRUE	NA	FALSE	NA	FALSE
