sample1	sample2	expr.similarity	expr.doppel	pheno.similarity	pheno.doppel	smokinggun.similarity	smokinggun.doppel
GSE20271:GSM508069	GSE20271:GSM508147	0.991330515759617	TRUE	NA	FALSE	NA	FALSE
GSE43365:GSM1061074	GSE43365:GSM1061093	0.982767014656889	TRUE	NA	FALSE	NA	FALSE
GSE20271:GSM508013	GSE43365:GSM1061091	0.962340920858794	TRUE	NA	FALSE	NA	FALSE
GSE20271:GSM508104	GSE43365:GSM1061109	0.9656262098696774	TRUE	NA	FALSE	NA	FALSE
