sample1	sample2	expr.similarity	expr.doppel	pheno.similarity	pheno.doppel	smokinggun.similarity	smokinggun.doppel
GSE2603:GSM49953	GSE2603:GSM49954	0.9971917750380658	TRUE	NA	FALSE	NA	FALSE
GSE2603:GSM49956	GSE2603:GSM49957	0.9959418848391722	TRUE	NA	FALSE	NA	FALSE
GSE32518:GSM805338	GSE32518:GSM805339	0.9886390426047007	TRUE	NA	FALSE	NA	FALSE
GSE32518:GSM805360	GSE32518:GSM805362	0.9946967862607319	TRUE	NA	FALSE	NA	FALSE
GSE2603:GSM50049	GSE32518:GSM805349	0.9660326330379632	TRUE	NA	FALSE	NA	FALSE
