sample1	sample2	expr.similarity	expr.doppel	pheno.similarity	pheno.doppel	smokinggun.similarity	smokinggun.doppel
GSE2603:GSM49953	GSE2603:GSM49954	0.9971917750380132	TRUE	NA	FALSE	NA	FALSE
GSE2603:GSM49956	GSE2603:GSM49957	0.9959418848391262	TRUE	NA	FALSE	NA	FALSE
GSE5327:GSM120689	GSE5327:GSM120697	0.9608742149639753	TRUE	NA	FALSE	NA	FALSE
GSE5327:GSM120697	GSE5327:GSM120704	0.9694895136435916	TRUE	NA	FALSE	NA	FALSE
GSE2603:GSM50049	GSE5327:GSM120697	0.9580466273542045	TRUE	NA	FALSE	NA	FALSE
GSE2603:GSM50049	GSE5327:GSM120704	0.961586752928207	TRUE	NA	FALSE	NA	FALSE
