sample1	sample2	expr.similarity	expr.doppel	pheno.similarity	pheno.doppel	smokinggun.similarity	smokinggun.doppel
GSE5847:GSM136351	GSE5847:GSM136399	0.9866985773550246	TRUE	NA	FALSE	NA	FALSE
GSE5847:GSM136355	GSE5847:GSM136403	0.986271555986217	TRUE	NA	FALSE	NA	FALSE
GSE5847:GSM136364	GSE5847:GSM136412	0.9876236253921882	TRUE	NA	FALSE	NA	FALSE
GSE5847:GSM136368	GSE5847:GSM136416	0.9915770968910657	TRUE	NA	FALSE	NA	FALSE
GSE22513:GSM559058	GSE5847:GSM136332	0.9538654433740019	TRUE	NA	FALSE	NA	FALSE
GSE22513:GSM559059	GSE5847:GSM136332	0.9542180316662585	TRUE	NA	FALSE	NA	FALSE
GSE22513:GSM559058	GSE5847:GSM136366	0.9533215564204021	TRUE	NA	FALSE	NA	FALSE
GSE22513:GSM559059	GSE5847:GSM136366	0.9548169851308922	TRUE	NA	FALSE	NA	FALSE
