sample1	sample2	expr.similarity	expr.doppel	pheno.similarity	pheno.doppel	smokinggun.similarity	smokinggun.doppel
GSE20685:GSM519150	GSE20685:GSM519168	0.9790546959412301	TRUE	NA	FALSE	NA	FALSE
GSE20685:GSM519150	GSE20685:GSM519176	0.9792826844751569	TRUE	NA	FALSE	NA	FALSE
GSE58644:GSM1415998	GSE58644:GSM1416042	0.9820228397743764	TRUE	NA	FALSE	NA	FALSE
GSE58644:GSM1416000	GSE58644:GSM1416043	0.9812933416377839	TRUE	NA	FALSE	NA	FALSE
GSE58644:GSM1416084	GSE58644:GSM1416085	0.9964761028574675	TRUE	NA	FALSE	NA	FALSE
GSE58644:GSM1416061	GSE58644:GSM1416153	0.9892393040091605	TRUE	NA	FALSE	NA	FALSE
