sample1	sample2	expr.similarity	expr.doppel	pheno.similarity	pheno.doppel	smokinggun.similarity	smokinggun.doppel
GSE28821:GSM713819	GSE28821:GSM713821	0.9593741806344996	TRUE	NA	FALSE	NA	FALSE
GSE28821:GSM713821	GSE28821:GSM713822	0.9614794856211731	TRUE	NA	FALSE	NA	FALSE
GSE31519:GSM782555	GSE31519:GSM782556	0.9695219335533732	TRUE	NA	FALSE	NA	FALSE
GSE28821:GSM713775	GSE31519:GSM782555	0.9435983349797432	TRUE	NA	FALSE	NA	FALSE
