sample1	sample2	expr.similarity	expr.doppel	pheno.similarity	pheno.doppel	smokinggun.similarity	smokinggun.doppel
GSE20685:GSM519150	GSE20685:GSM519168	0.9790546959407753	TRUE	NA	FALSE	NA	FALSE
GSE20685:GSM519150	GSE20685:GSM519176	0.9792826844750272	TRUE	NA	FALSE	NA	FALSE
GSE25055:GSM615301	GSE25055:GSM615333	0.9792879240561342	TRUE	NA	FALSE	NA	FALSE
GSE20685:GSM519383	GSE25055:GSM615207	0.9684709894332595	TRUE	NA	FALSE	NA	FALSE
