sample1	sample2	expr.similarity	expr.doppel	pheno.similarity	pheno.doppel	smokinggun.similarity	smokinggun.doppel
GSE28821:GSM713819	GSE28821:GSM713821	0.9593741806339737	TRUE	NA	FALSE	NA	FALSE
GSE28821:GSM713821	GSE28821:GSM713822	0.961479485620878	TRUE	NA	FALSE	NA	FALSE
GSE28821:GSM713802	GSE47109:GSM1144918	0.9548459581802864	TRUE	NA	FALSE	NA	FALSE
GSE28821:GSM713809	GSE47109:GSM1144918	0.9568067029257861	TRUE	NA	FALSE	NA	FALSE
