sample1	sample2	expr.similarity	expr.doppel	pheno.similarity	pheno.doppel	smokinggun.similarity	smokinggun.doppel
GSE28821:GSM713819	GSE28821:GSM713821	0.9593741806344996	TRUE	NA	FALSE	NA	FALSE
GSE28821:GSM713821	GSE28821:GSM713822	0.9614794856211731	TRUE	NA	FALSE	NA	FALSE
GSE41196:GSM1010315	GSE41196:GSM1010317	0.9962497861452739	TRUE	NA	FALSE	NA	FALSE
GSE28821:GSM713795	GSE41196:GSM1010316	0.9418107701023206	TRUE	NA	FALSE	NA	FALSE
