sample1	sample2	expr.similarity	expr.doppel	pheno.similarity	pheno.doppel	smokinggun.similarity	smokinggun.doppel
GSE28821:GSM713819	GSE28821:GSM713821	0.9593741806344996	TRUE	NA	FALSE	NA	FALSE
GSE28821:GSM713821	GSE28821:GSM713822	0.9614794856211731	TRUE	NA	FALSE	NA	FALSE
GSE50948:GSM1233042	GSE50948:GSM1233043	0.9561129295426631	TRUE	NA	FALSE	NA	FALSE
GSE50948:GSM1233074	GSE50948:GSM1233075	0.9451214972615104	TRUE	NA	FALSE	NA	FALSE
