sample1	sample2	expr.similarity	expr.doppel	pheno.similarity	pheno.doppel	smokinggun.similarity	smokinggun.doppel
GSE20685:GSM519150	GSE20685:GSM519168	0.9790546959407753	TRUE	NA	FALSE	NA	FALSE
GSE20685:GSM519150	GSE20685:GSM519176	0.9792826844750272	TRUE	NA	FALSE	NA	FALSE
GSE41196:GSM1010315	GSE41196:GSM1010317	0.9962497861452739	TRUE	NA	FALSE	NA	FALSE
GSE20685:GSM519383	GSE41196:GSM1010316	0.9679183962789463	TRUE	NA	FALSE	NA	FALSE
