sample1	sample2	expr.similarity	expr.doppel	pheno.similarity	pheno.doppel	smokinggun.similarity	smokinggun.doppel
GSE25055:GSM615301	GSE25055:GSM615333	0.97928792405572	TRUE	NA	FALSE	NA	FALSE
GSE41196:GSM1010315	GSE41196:GSM1010317	0.9962497861449567	TRUE	NA	FALSE	NA	FALSE
GSE25055:GSM615122	GSE41196:GSM1010316	0.939571069497938	TRUE	NA	FALSE	NA	FALSE
GSE25055:GSM615207	GSE41196:GSM1010316	0.9431997158698106	TRUE	NA	FALSE	NA	FALSE
