sample1	sample2	expr.similarity	expr.doppel	pheno.similarity	pheno.doppel	smokinggun.similarity	smokinggun.doppel
GSE25055:GSM615301	GSE25055:GSM615333	0.9792879240561342	TRUE	NA	FALSE	NA	FALSE
GSE41196:GSM1010315	GSE41196:GSM1010317	0.9962497861452739	TRUE	NA	FALSE	NA	FALSE
GSE25055:GSM615122	GSE41196:GSM1010316	0.9395710694987338	TRUE	NA	FALSE	NA	FALSE
GSE25055:GSM615207	GSE41196:GSM1010316	0.9431997158703066	TRUE	NA	FALSE	NA	FALSE
