sample1	sample2	expr.similarity	expr.doppel	pheno.similarity	pheno.doppel	smokinggun.similarity	smokinggun.doppel
GSE25065:GSM615726	GSE25065:GSM615731	0.9621740500859317	TRUE	NA	FALSE	NA	FALSE
GSE25065:GSM615786	GSE25065:GSM615787	0.994427305030932	TRUE	NA	FALSE	NA	FALSE
GSE25065:GSM615813	GSE25065:GSM615817	0.964478588764264	TRUE	NA	FALSE	NA	FALSE
GSE25065:GSM615816	GSE25065:GSM615827	0.9679597551950622	TRUE	NA	FALSE	NA	FALSE
GSE22093:GSM549302	GSE25065:GSM615792	0.9954442704043936	TRUE	NA	FALSE	NA	FALSE
GSE22093:GSM549307	GSE25065:GSM615797	0.9947865039765497	TRUE	NA	FALSE	NA	FALSE
GSE22093:GSM549311	GSE25065:GSM615804	0.9939455664758163	TRUE	NA	FALSE	NA	FALSE
