sample1	sample2	expr.similarity	expr.doppel	pheno.similarity	pheno.doppel	smokinggun.similarity	smokinggun.doppel
GSE5847:GSM136351	GSE5847:GSM136399	0.9866985773550211	TRUE	NA	FALSE	NA	FALSE
GSE5847:GSM136355	GSE5847:GSM136403	0.9862715559861374	TRUE	NA	FALSE	NA	FALSE
GSE5847:GSM136364	GSE5847:GSM136412	0.9876236253921381	TRUE	NA	FALSE	NA	FALSE
GSE5847:GSM136368	GSE5847:GSM136416	0.9915770968912462	TRUE	NA	FALSE	NA	FALSE
GSE22513:GSM559058	GSE5847:GSM136332	0.9538654433730364	TRUE	NA	FALSE	NA	FALSE
GSE22513:GSM559059	GSE5847:GSM136332	0.9542180316654173	TRUE	NA	FALSE	NA	FALSE
GSE22513:GSM559058	GSE5847:GSM136366	0.9533215564200934	TRUE	NA	FALSE	NA	FALSE
GSE22513:GSM559059	GSE5847:GSM136366	0.9548169851308286	TRUE	NA	FALSE	NA	FALSE
