sample1	sample2	expr.similarity	expr.doppel	pheno.similarity	pheno.doppel	smokinggun.similarity	smokinggun.doppel
GSE20086:GSM501889	GSE20086:GSM501895	0.9931543698046678	TRUE	NA	FALSE	NA	FALSE
GSE31448:GSM781316	GSE31448:GSM781389	0.9913231383321837	TRUE	NA	FALSE	NA	FALSE
GSE31448:GSM781432	GSE31448:GSM781513	0.9950775311203051	TRUE	NA	FALSE	NA	FALSE
GSE31448:GSM781620	GSE31448:GSM781621	0.9844580944939222	TRUE	NA	FALSE	NA	FALSE
