sample1	sample2	expr.similarity	expr.doppel	pheno.similarity	pheno.doppel	smokinggun.similarity	smokinggun.doppel
GSE25065:GSM615726	GSE25065:GSM615731	0.9621740500858368	TRUE	NA	FALSE	NA	FALSE
GSE25065:GSM615786	GSE25065:GSM615787	0.994427305030603	TRUE	NA	FALSE	NA	FALSE
GSE25065:GSM615813	GSE25065:GSM615817	0.9644785887638956	TRUE	NA	FALSE	NA	FALSE
GSE25065:GSM615816	GSE25065:GSM615827	0.9679597572100032	TRUE	NA	FALSE	NA	FALSE
GSE5327:GSM120689	GSE5327:GSM120697	0.9608742149643383	TRUE	NA	FALSE	NA	FALSE
GSE5327:GSM120697	GSE5327:GSM120704	0.9694895136439062	TRUE	NA	FALSE	NA	FALSE
GSE25065:GSM615817	GSE5327:GSM120689	0.9456483453263781	TRUE	NA	FALSE	NA	FALSE
GSE25065:GSM615817	GSE5327:GSM120697	0.9462306476998706	TRUE	NA	FALSE	NA	FALSE
