sample1	sample2	expr.similarity	expr.doppel	pheno.similarity	pheno.doppel	smokinggun.similarity	smokinggun.doppel
GSE21422:GSM535613	GSE21422:GSM535616	0.9868999636693845	TRUE	NA	FALSE	NA	FALSE
GSE61304:GSM1501820	GSE61304:GSM1501849	0.9762930978768165	TRUE	NA	FALSE	NA	FALSE
GSE61304:GSM1501849	GSE61304:GSM1501879	0.9780937509450245	TRUE	NA	FALSE	NA	FALSE
GSE21422:GSM535614	GSE61304:GSM1501849	0.9723123010330841	TRUE	NA	FALSE	NA	FALSE
GSE21422:GSM535615	GSE61304:GSM1501865	0.9750226742152273	TRUE	NA	FALSE	NA	FALSE
