sample1	sample2	expr.similarity	expr.doppel	pheno.similarity	pheno.doppel	smokinggun.similarity	smokinggun.doppel
GSE32518:GSM805338	GSE32518:GSM805339	0.9886390426047007	TRUE	NA	FALSE	NA	FALSE
GSE32518:GSM805360	GSE32518:GSM805362	0.9946967862607319	TRUE	NA	FALSE	NA	FALSE
GSE61304:GSM1501820	GSE61304:GSM1501849	0.9762930978768165	TRUE	NA	FALSE	NA	FALSE
GSE61304:GSM1501849	GSE61304:GSM1501879	0.9780937509450245	TRUE	NA	FALSE	NA	FALSE
