sample1	sample2	expr.similarity	expr.doppel	pheno.similarity	pheno.doppel	smokinggun.similarity	smokinggun.doppel
GSE32518:GSM805338	GSE32518:GSM805339	0.9886390426044847	TRUE	NA	FALSE	NA	FALSE
GSE32518:GSM805360	GSE32518:GSM805362	0.9946967862606085	TRUE	NA	FALSE	NA	FALSE
GSE58644:GSM1415998	GSE58644:GSM1416042	0.9820228397743431	TRUE	NA	FALSE	NA	FALSE
GSE58644:GSM1416000	GSE58644:GSM1416043	0.9812933416378836	TRUE	NA	FALSE	NA	FALSE
GSE58644:GSM1416084	GSE58644:GSM1416085	0.9964761028575511	TRUE	NA	FALSE	NA	FALSE
GSE58644:GSM1416061	GSE58644:GSM1416153	0.9892393040093724	TRUE	NA	FALSE	NA	FALSE
