sample1	sample2	expr.similarity	expr.doppel	pheno.similarity	pheno.doppel	smokinggun.similarity	smokinggun.doppel
GSE31519:GSM782555	GSE31519:GSM782556	0.9695219335524858	TRUE	NA	FALSE	NA	FALSE
GSE61304:GSM1501820	GSE61304:GSM1501849	0.9762930978768165	TRUE	NA	FALSE	NA	FALSE
GSE61304:GSM1501849	GSE61304:GSM1501879	0.9780937509450245	TRUE	NA	FALSE	NA	FALSE
GSE31519:GSM782555	GSE61304:GSM1501827	0.959820458187545	TRUE	NA	FALSE	NA	FALSE
GSE31519:GSM782556	GSE61304:GSM1501827	0.9615915501487375	TRUE	NA	FALSE	NA	FALSE
