sample1	sample2	expr.similarity	expr.doppel	pheno.similarity	pheno.doppel	smokinggun.similarity	smokinggun.doppel
GSE31448:GSM781316	GSE31448:GSM781389	0.9913231383325032	TRUE	NA	FALSE	NA	FALSE
GSE31448:GSM781432	GSE31448:GSM781513	0.9950775311204462	TRUE	NA	FALSE	NA	FALSE
GSE31448:GSM781620	GSE31448:GSM781621	0.9844580944939371	TRUE	NA	FALSE	NA	FALSE
GSE58644:GSM1415998	GSE58644:GSM1416042	0.9820228397743764	TRUE	NA	FALSE	NA	FALSE
GSE58644:GSM1416000	GSE58644:GSM1416043	0.9812933416377839	TRUE	NA	FALSE	NA	FALSE
GSE58644:GSM1416084	GSE58644:GSM1416085	0.9964761028574675	TRUE	NA	FALSE	NA	FALSE
GSE58644:GSM1416061	GSE58644:GSM1416153	0.9892393040091605	TRUE	NA	FALSE	NA	FALSE
GSE31448:GSM781416	GSE58644:GSM1416031	0.9717322930772209	TRUE	NA	FALSE	NA	FALSE
