sample1	sample2	expr.similarity	expr.doppel	pheno.similarity	pheno.doppel	smokinggun.similarity	smokinggun.doppel
GSE31519:GSM782555	GSE31519:GSM782556	0.9695219335533732	TRUE	NA	FALSE	NA	FALSE
GSE61304:GSM1501820	GSE61304:GSM1501849	0.9762930978767564	TRUE	NA	FALSE	NA	FALSE
GSE61304:GSM1501849	GSE61304:GSM1501879	0.9780937509449628	TRUE	NA	FALSE	NA	FALSE
GSE31519:GSM782555	GSE61304:GSM1501827	0.9598204581869408	TRUE	NA	FALSE	NA	FALSE
GSE31519:GSM782556	GSE61304:GSM1501827	0.9615915501485384	TRUE	NA	FALSE	NA	FALSE
