sample1	sample2	expr.similarity	expr.doppel	pheno.similarity	pheno.doppel	smokinggun.similarity	smokinggun.doppel
GSE31448:GSM781316	GSE31448:GSM781389	0.9913231383325032	TRUE	NA	FALSE	NA	FALSE
GSE31448:GSM781432	GSE31448:GSM781513	0.9950775311204462	TRUE	NA	FALSE	NA	FALSE
GSE31448:GSM781620	GSE31448:GSM781621	0.9844580944939371	TRUE	NA	FALSE	NA	FALSE
GSE32646:GSM809214	GSE32646:GSM809248	0.9756765107940298	TRUE	NA	FALSE	NA	FALSE
GSE32646:GSM809248	GSE32646:GSM809251	0.9794395759096173	TRUE	NA	FALSE	NA	FALSE
GSE32646:GSM809248	GSE32646:GSM809254	0.9774218987300414	TRUE	NA	FALSE	NA	FALSE
