sample1	sample2	expr.similarity	expr.doppel	pheno.similarity	pheno.doppel	smokinggun.similarity	smokinggun.doppel
GSE31192:GSM773290	GSE31192:GSM773311	0.982113683552305	TRUE	NA	FALSE	NA	FALSE
GSE31192:GSM773298	GSE31192:GSM773314	0.9824352519751172	TRUE	NA	FALSE	NA	FALSE
GSE5764:GSM134693	GSE5764:GSM134694	0.9888525578131692	TRUE	NA	FALSE	NA	FALSE
GSE5764:GSM134693	GSE5764:GSM134695	0.9643134302592204	TRUE	NA	FALSE	NA	FALSE
GSE5764:GSM134694	GSE5764:GSM134695	0.9663559993172047	TRUE	NA	FALSE	NA	FALSE
