sample1	sample2	expr.similarity	expr.doppel	pheno.similarity	pheno.doppel	smokinggun.similarity	smokinggun.doppel
GSE31192:GSM773290	GSE31192:GSM773311	0.982113683552305	TRUE	NA	FALSE	NA	FALSE
GSE31192:GSM773298	GSE31192:GSM773314	0.9824352519751172	TRUE	NA	FALSE	NA	FALSE
GSE61304:GSM1501820	GSE61304:GSM1501849	0.9762930978768165	TRUE	NA	FALSE	NA	FALSE
GSE61304:GSM1501849	GSE61304:GSM1501879	0.9780937509450245	TRUE	NA	FALSE	NA	FALSE
