sample1	sample2	expr.similarity	expr.doppel	pheno.similarity	pheno.doppel	smokinggun.similarity	smokinggun.doppel
GSE32518:GSM805338	GSE32518:GSM805339	0.9886390426044847	TRUE	NA	FALSE	NA	FALSE
GSE32518:GSM805360	GSE32518:GSM805362	0.9946967862606085	TRUE	NA	FALSE	NA	FALSE
GSE5847:GSM136351	GSE5847:GSM136399	0.9866985773550211	TRUE	NA	FALSE	NA	FALSE
GSE5847:GSM136355	GSE5847:GSM136403	0.9862715559861374	TRUE	NA	FALSE	NA	FALSE
GSE5847:GSM136364	GSE5847:GSM136412	0.9876236253921381	TRUE	NA	FALSE	NA	FALSE
GSE5847:GSM136368	GSE5847:GSM136416	0.9915770968912462	TRUE	NA	FALSE	NA	FALSE
