sample1	sample2	expr.similarity	expr.doppel	pheno.similarity	pheno.doppel	smokinggun.similarity	smokinggun.doppel
GSE32518:GSM805338	GSE32518:GSM805339	0.9886390426047007	TRUE	NA	FALSE	NA	FALSE
GSE32518:GSM805360	GSE32518:GSM805362	0.9946967862607319	TRUE	NA	FALSE	NA	FALSE
GSE50948:GSM1233042	GSE50948:GSM1233043	0.9561129295420935	TRUE	NA	FALSE	NA	FALSE
GSE50948:GSM1233074	GSE50948:GSM1233075	0.9451214972618764	TRUE	NA	FALSE	NA	FALSE
