sample1	sample2	expr.similarity	expr.doppel	pheno.similarity	pheno.doppel	smokinggun.similarity	smokinggun.doppel
GSE31519:GSM782555	GSE31519:GSM782556	0.9695219335533732	TRUE	NA	FALSE	NA	FALSE
GSE42568:GSM1045214	GSE42568:GSM1045266	0.989841471255569	TRUE	NA	FALSE	NA	FALSE
GSE31519:GSM782556	GSE42568:GSM1045307	0.9512766219908554	TRUE	NA	FALSE	NA	FALSE
GSE31519:GSM782564	GSE42568:GSM1045307	0.9516808056838909	TRUE	NA	FALSE	NA	FALSE
