sample1	sample2	expr.similarity	expr.doppel	pheno.similarity	pheno.doppel	smokinggun.similarity	smokinggun.doppel
GSE31192:GSM773290	GSE31192:GSM773311	0.982113683552305	TRUE	NA	FALSE	NA	FALSE
GSE31192:GSM773298	GSE31192:GSM773314	0.9824352519751172	TRUE	NA	FALSE	NA	FALSE
GSE42568:GSM1045214	GSE42568:GSM1045266	0.989841471255695	TRUE	NA	FALSE	NA	FALSE
GSE31192:GSM773314	GSE42568:GSM1045289	0.9539515422186898	TRUE	NA	FALSE	NA	FALSE
