sample1	sample2	expr.similarity	expr.doppel	pheno.similarity	pheno.doppel	smokinggun.similarity	smokinggun.doppel
GSE31192:GSM773290	GSE31192:GSM773311	0.982113683552305	TRUE	NA	FALSE	NA	FALSE
GSE31192:GSM773298	GSE31192:GSM773314	0.9824352519751172	TRUE	NA	FALSE	NA	FALSE
GSE31448:GSM781316	GSE31448:GSM781389	0.9913231383325032	TRUE	NA	FALSE	NA	FALSE
GSE31448:GSM781432	GSE31448:GSM781513	0.9950775311204462	TRUE	NA	FALSE	NA	FALSE
GSE31448:GSM781620	GSE31448:GSM781621	0.9844580944939371	TRUE	NA	FALSE	NA	FALSE
