sample1	sample2	expr.similarity	expr.doppel	pheno.similarity	pheno.doppel	smokinggun.similarity	smokinggun.doppel
GSE31519:GSM782555	GSE31519:GSM782556	0.9695219335533732	TRUE	NA	FALSE	NA	FALSE
GSE5327:GSM120689	GSE5327:GSM120697	0.9608742149639753	TRUE	NA	FALSE	NA	FALSE
GSE5327:GSM120697	GSE5327:GSM120704	0.9694895136435916	TRUE	NA	FALSE	NA	FALSE
GSE31519:GSM782556	GSE5327:GSM120663	0.9587580339431383	TRUE	NA	FALSE	NA	FALSE
GSE31519:GSM782556	GSE5327:GSM120697	0.9588320410507261	TRUE	NA	FALSE	NA	FALSE
