sample1	sample2	expr.similarity	expr.doppel	pheno.similarity	pheno.doppel	smokinggun.similarity	smokinggun.doppel
GSE31519:GSM782555	GSE31519:GSM782556	0.9695219335524858	TRUE	NA	FALSE	NA	FALSE
GSE5327:GSM120689	GSE5327:GSM120697	0.9608742149643383	TRUE	NA	FALSE	NA	FALSE
GSE5327:GSM120697	GSE5327:GSM120704	0.9694895136439062	TRUE	NA	FALSE	NA	FALSE
GSE31519:GSM782556	GSE5327:GSM120663	0.9587580339426239	TRUE	NA	FALSE	NA	FALSE
GSE31519:GSM782556	GSE5327:GSM120697	0.9588320410504421	TRUE	NA	FALSE	NA	FALSE
