sample1	sample2	expr.similarity	expr.doppel	pheno.similarity	pheno.doppel	smokinggun.similarity	smokinggun.doppel
GSE32518:GSM805338	GSE32518:GSM805339	0.9886390426044847	TRUE	NA	FALSE	NA	FALSE
GSE32518:GSM805360	GSE32518:GSM805362	0.9946967862606085	TRUE	NA	FALSE	NA	FALSE
GSE32646:GSM809214	GSE32646:GSM809248	0.9756765107938966	TRUE	NA	FALSE	NA	FALSE
GSE32646:GSM809248	GSE32646:GSM809251	0.9794395759097821	TRUE	NA	FALSE	NA	FALSE
GSE32646:GSM809248	GSE32646:GSM809254	0.9774218987302609	TRUE	NA	FALSE	NA	FALSE
