sample1	sample2	expr.similarity	expr.doppel	pheno.similarity	pheno.doppel	smokinggun.similarity	smokinggun.doppel
GSE31138:GSM770822	GSE31138:GSM770823	0.8709434273252553	TRUE	NA	FALSE	NA	FALSE
GSE61304:GSM1501820	GSE61304:GSM1501849	0.9762930978767564	TRUE	NA	FALSE	NA	FALSE
GSE61304:GSM1501849	GSE61304:GSM1501879	0.9780937509449628	TRUE	NA	FALSE	NA	FALSE
GSE31138:GSM770822	GSE61304:GSM1501856	0.9543342378762547	TRUE	NA	FALSE	NA	FALSE
