sample1	sample2	expr.similarity	expr.doppel	pheno.similarity	pheno.doppel	smokinggun.similarity	smokinggun.doppel
GSE5764:GSM134693	GSE5764:GSM134694	0.9888525578130294	TRUE	NA	FALSE	NA	FALSE
GSE5764:GSM134693	GSE5764:GSM134695	0.9643134302594386	TRUE	NA	FALSE	NA	FALSE
GSE5764:GSM134694	GSE5764:GSM134695	0.966355999317343	TRUE	NA	FALSE	NA	FALSE
GSE48390:GSM1176884	GSE5764:GSM134702	0.951013014832143	TRUE	NA	FALSE	NA	FALSE
GSE48390:GSM1176947	GSE5764:GSM134702	0.9513422680586234	TRUE	NA	FALSE	NA	FALSE
