sample1	sample2	expr.similarity	expr.doppel	pheno.similarity	pheno.doppel	smokinggun.similarity	smokinggun.doppel
GSE41196:GSM1010315	GSE41196:GSM1010317	0.9962497861449567	TRUE	NA	FALSE	NA	FALSE
GSE61304:GSM1501820	GSE61304:GSM1501849	0.9762930978768165	TRUE	NA	FALSE	NA	FALSE
GSE61304:GSM1501849	GSE61304:GSM1501879	0.9780937509450245	TRUE	NA	FALSE	NA	FALSE
GSE41196:GSM1010316	GSE61304:GSM1501830	0.9591442596107685	TRUE	NA	FALSE	NA	FALSE
