sample1	sample2	expr.similarity	expr.doppel	pheno.similarity	pheno.doppel	smokinggun.similarity	smokinggun.doppel
GSE42568:GSM1045214	GSE42568:GSM1045266	0.989841471255569	TRUE	NA	FALSE	NA	FALSE
GSE5847:GSM136351	GSE5847:GSM136399	0.9866985773550211	TRUE	NA	FALSE	NA	FALSE
GSE5847:GSM136355	GSE5847:GSM136403	0.9862715559861374	TRUE	NA	FALSE	NA	FALSE
GSE5847:GSM136364	GSE5847:GSM136412	0.9876236253921381	TRUE	NA	FALSE	NA	FALSE
GSE5847:GSM136368	GSE5847:GSM136416	0.9915770968912462	TRUE	NA	FALSE	NA	FALSE
GSE42568:GSM1045252	GSE5847:GSM136404	0.9598915943232861	TRUE	NA	FALSE	NA	FALSE
