sample1	sample2	expr.similarity	expr.doppel	pheno.similarity	pheno.doppel	smokinggun.similarity	smokinggun.doppel
GSE43365:GSM1061074	GSE43365:GSM1061093	0.982767014656889	TRUE	NA	FALSE	NA	FALSE
GSE5764:GSM134693	GSE5764:GSM134694	0.9888525578130294	TRUE	NA	FALSE	NA	FALSE
GSE5764:GSM134693	GSE5764:GSM134695	0.9643134302594386	TRUE	NA	FALSE	NA	FALSE
GSE5764:GSM134694	GSE5764:GSM134695	0.966355999317343	TRUE	NA	FALSE	NA	FALSE
GSE43365:GSM1061066	GSE5764:GSM134693	0.9639866826927513	TRUE	NA	FALSE	NA	FALSE
GSE43365:GSM1061091	GSE5764:GSM134693	0.9694530774310086	TRUE	NA	FALSE	NA	FALSE
GSE43365:GSM1061091	GSE5764:GSM134694	0.9672934816384844	TRUE	NA	FALSE	NA	FALSE
