sample1	sample2	expr.similarity	expr.doppel	pheno.similarity	pheno.doppel	smokinggun.similarity	smokinggun.doppel
GSE41196:GSM1010315	GSE41196:GSM1010317	0.9962497861452739	TRUE	NA	FALSE	NA	FALSE
GSE61304:GSM1501820	GSE61304:GSM1501849	0.9762930978767564	TRUE	NA	FALSE	NA	FALSE
GSE61304:GSM1501849	GSE61304:GSM1501879	0.9780937509449628	TRUE	NA	FALSE	NA	FALSE
GSE41196:GSM1010316	GSE61304:GSM1501830	0.9591442596110147	TRUE	NA	FALSE	NA	FALSE
