sample1	sample2	expr.similarity	expr.doppel	pheno.similarity	pheno.doppel	smokinggun.similarity	smokinggun.doppel
GSE61304:GSM1501820	GSE61304:GSM1501849	0.9762930978767564	TRUE	NA	FALSE	NA	FALSE
GSE61304:GSM1501849	GSE61304:GSM1501879	0.9780937509449628	TRUE	NA	FALSE	NA	FALSE
GSE41194:GSM1010264	GSE61304:GSM1501830	0.9603657096938875	TRUE	NA	FALSE	NA	FALSE
GSE41194:GSM1010270	GSE61304:GSM1501830	0.9586872733934173	TRUE	NA	FALSE	NA	FALSE
