sample1	sample2	expr.similarity	expr.doppel	pheno.similarity	pheno.doppel	smokinggun.similarity	smokinggun.doppel
GSE61304:GSM1501820	GSE61304:GSM1501849	0.9762930978767564	TRUE	NA	FALSE	NA	FALSE
GSE61304:GSM1501849	GSE61304:GSM1501879	0.9780937509449628	TRUE	NA	FALSE	NA	FALSE
GSE48390:GSM1176898	GSE61304:GSM1501849	0.9749726450593174	TRUE	NA	FALSE	NA	FALSE
GSE48390:GSM1176898	GSE61304:GSM1501865	0.9717823096201151	TRUE	NA	FALSE	NA	FALSE
