sample1	sample2	expr.similarity	expr.doppel	pheno.similarity	pheno.doppel	smokinggun.similarity	smokinggun.doppel
GSE5764:GSM134693	GSE5764:GSM134694	0.9888525578130294	TRUE	NA	FALSE	NA	FALSE
GSE5764:GSM134693	GSE5764:GSM134695	0.9643134302594386	TRUE	NA	FALSE	NA	FALSE
GSE5764:GSM134694	GSE5764:GSM134695	0.966355999317343	TRUE	NA	FALSE	NA	FALSE
GSE86374:GSM2301131	GSE86374:GSM2301133	0.9950366776608837	TRUE	NA	FALSE	NA	FALSE
GSE5764:GSM134693	GSE86374:GSM2301145	0.9481872651747941	TRUE	NA	FALSE	NA	FALSE
