sample1	sample2	expr.similarity	expr.doppel	pheno.similarity	pheno.doppel	smokinggun.similarity	smokinggun.doppel
GSE5764:GSM134693	GSE5764:GSM134694	0.9888525578131692	TRUE	NA	FALSE	NA	FALSE
GSE5764:GSM134693	GSE5764:GSM134695	0.9643134302592204	TRUE	NA	FALSE	NA	FALSE
GSE5764:GSM134694	GSE5764:GSM134695	0.9663559993172047	TRUE	NA	FALSE	NA	FALSE
GSE7390:GSM178004	GSE7390:GSM178036	0.9879761946572879	TRUE	NA	FALSE	NA	FALSE
GSE5764:GSM134702	GSE7390:GSM177969	0.9520674778816208	TRUE	NA	FALSE	NA	FALSE
