sample1	sample2	expr.similarity	expr.doppel	pheno.similarity	pheno.doppel	smokinggun.similarity	smokinggun.doppel
GSE50948:GSM1233042	GSE50948:GSM1233043	0.9561129295420935	TRUE	NA	FALSE	NA	FALSE
GSE50948:GSM1233074	GSE50948:GSM1233075	0.9451214972618764	TRUE	NA	FALSE	NA	FALSE
GSE5764:GSM134693	GSE5764:GSM134694	0.9888525578131692	TRUE	NA	FALSE	NA	FALSE
GSE5764:GSM134693	GSE5764:GSM134695	0.9643134302592204	TRUE	NA	FALSE	NA	FALSE
GSE5764:GSM134694	GSE5764:GSM134695	0.9663559993172047	TRUE	NA	FALSE	NA	FALSE
GSE50948:GSM1232992	GSE5764:GSM134702	0.9094137341049189	TRUE	NA	FALSE	NA	FALSE
GSE50948:GSM1233008	GSE5764:GSM134702	0.9108780636535969	TRUE	NA	FALSE	NA	FALSE
GSE50948:GSM1233034	GSE5764:GSM134702	0.9104331616592385	TRUE	NA	FALSE	NA	FALSE
