sample1	sample2	expr.similarity	expr.doppel	pheno.similarity	pheno.doppel	smokinggun.similarity	smokinggun.doppel
GSE57968:GSM1398814	GSE57968:GSM1398815	0.9881983938894046	TRUE	NA	FALSE	NA	FALSE
GSE57968:GSM1398848	GSE57968:GSM1398849	0.9875622359980573	TRUE	NA	FALSE	NA	FALSE
GSE57968:GSM1398850	GSE57968:GSM1398851	0.9888394829256831	TRUE	NA	FALSE	NA	FALSE
GSE57968:GSM1398854	GSE57968:GSM1398855	0.9899227244792236	TRUE	NA	FALSE	NA	FALSE
GSE57968:GSM1398862	GSE57968:GSM1398863	0.9910937583305207	TRUE	NA	FALSE	NA	FALSE
GSE5847:GSM136351	GSE5847:GSM136399	0.9866985773550246	TRUE	NA	FALSE	NA	FALSE
GSE5847:GSM136355	GSE5847:GSM136403	0.986271555986217	TRUE	NA	FALSE	NA	FALSE
GSE5847:GSM136364	GSE5847:GSM136412	0.9876236253921882	TRUE	NA	FALSE	NA	FALSE
GSE5847:GSM136368	GSE5847:GSM136416	0.9915770968910657	TRUE	NA	FALSE	NA	FALSE
