sample1	sample2	expr.similarity	expr.doppel	pheno.similarity	pheno.doppel	smokinggun.similarity	smokinggun.doppel
GSE50948:GSM1233042	GSE50948:GSM1233043	0.9561129295426631	TRUE	NA	FALSE	NA	FALSE
GSE50948:GSM1233074	GSE50948:GSM1233075	0.9451214972615104	TRUE	NA	FALSE	NA	FALSE
GSE5764:GSM134693	GSE5764:GSM134694	0.9888525578130294	TRUE	NA	FALSE	NA	FALSE
GSE5764:GSM134693	GSE5764:GSM134695	0.9643134302594386	TRUE	NA	FALSE	NA	FALSE
GSE5764:GSM134694	GSE5764:GSM134695	0.966355999317343	TRUE	NA	FALSE	NA	FALSE
GSE50948:GSM1232992	GSE5764:GSM134702	0.9094137341062061	TRUE	NA	FALSE	NA	FALSE
GSE50948:GSM1233008	GSE5764:GSM134702	0.9108780636532151	TRUE	NA	FALSE	NA	FALSE
GSE50948:GSM1233034	GSE5764:GSM134702	0.9104331616590462	TRUE	NA	FALSE	NA	FALSE
