sample1	sample2	expr.similarity	expr.doppel	pheno.similarity	pheno.doppel	smokinggun.similarity	smokinggun.doppel
GSE5327:GSM120689	GSE5327:GSM120697	0.9608742149643383	TRUE	NA	FALSE	NA	FALSE
GSE5327:GSM120697	GSE5327:GSM120704	0.9694895136439062	TRUE	NA	FALSE	NA	FALSE
GSE8193:GSM202717	GSE8193:GSM202737	0.9631638146611506	TRUE	NA	FALSE	NA	FALSE
GSE5327:GSM120697	GSE8193:GSM202717	0.949392353780099	TRUE	NA	FALSE	NA	FALSE
GSE5327:GSM120697	GSE8193:GSM202737	0.9487058725733823	TRUE	NA	FALSE	NA	FALSE
