sample1	sample2	expr.similarity	expr.doppel	pheno.similarity	pheno.doppel	smokinggun.similarity	smokinggun.doppel
GSE5847:GSM136351	GSE5847:GSM136399	0.9866985773550246	TRUE	NA	FALSE	NA	FALSE
GSE5847:GSM136355	GSE5847:GSM136403	0.986271555986217	TRUE	NA	FALSE	NA	FALSE
GSE5847:GSM136364	GSE5847:GSM136412	0.9876236253921882	TRUE	NA	FALSE	NA	FALSE
GSE5847:GSM136368	GSE5847:GSM136416	0.9915770968910657	TRUE	NA	FALSE	NA	FALSE
GSE86374:GSM2301131	GSE86374:GSM2301133	0.995036677660681	TRUE	NA	FALSE	NA	FALSE
