sample1	sample2	expr.similarity	expr.doppel	pheno.similarity	pheno.doppel	smokinggun.similarity	smokinggun.doppel
GSE50948:GSM1233042	GSE50948:GSM1233043	0.9561129295420935	TRUE	NA	FALSE	NA	FALSE
GSE50948:GSM1233074	GSE50948:GSM1233075	0.9451214972618764	TRUE	NA	FALSE	NA	FALSE
GSE5327:GSM120689	GSE5327:GSM120697	0.9608742149643383	TRUE	NA	FALSE	NA	FALSE
GSE5327:GSM120697	GSE5327:GSM120704	0.9694895136439062	TRUE	NA	FALSE	NA	FALSE
