sample1	sample2	expr.similarity	expr.doppel	pheno.similarity	pheno.doppel	smokinggun.similarity	smokinggun.doppel
GSE5764:GSM134693	GSE5764:GSM134694	0.9888525578131692	TRUE	NA	FALSE	NA	FALSE
GSE5764:GSM134693	GSE5764:GSM134695	0.9643134302592204	TRUE	NA	FALSE	NA	FALSE
GSE5764:GSM134694	GSE5764:GSM134695	0.9663559993172047	TRUE	NA	FALSE	NA	FALSE
GSE61304:GSM1501820	GSE61304:GSM1501849	0.9762930978768165	TRUE	NA	FALSE	NA	FALSE
GSE61304:GSM1501849	GSE61304:GSM1501879	0.9780937509450245	TRUE	NA	FALSE	NA	FALSE
GSE5764:GSM134702	GSE61304:GSM1501830	0.9439299805249987	TRUE	NA	FALSE	NA	FALSE
