sample1	sample2	expr.similarity	expr.doppel	pheno.similarity	pheno.doppel	smokinggun.similarity	smokinggun.doppel
GSE5327:GSM120689	GSE5327:GSM120697	0.9608742149639753	TRUE	NA	FALSE	NA	FALSE
GSE5327:GSM120697	GSE5327:GSM120704	0.9694895136435916	TRUE	NA	FALSE	NA	FALSE
GSE8193:GSM202717	GSE8193:GSM202737	0.963163814660791	TRUE	NA	FALSE	NA	FALSE
GSE5327:GSM120697	GSE8193:GSM202717	0.9493923537797015	TRUE	NA	FALSE	NA	FALSE
GSE5327:GSM120697	GSE8193:GSM202737	0.9487058725728166	TRUE	NA	FALSE	NA	FALSE
