sample1	sample2	expr.similarity	expr.doppel	pheno.similarity	pheno.doppel	smokinggun.similarity	smokinggun.doppel
GSE50948:GSM1233042	GSE50948:GSM1233043	0.9561129295426631	TRUE	NA	FALSE	NA	FALSE
GSE50948:GSM1233074	GSE50948:GSM1233075	0.9451214972615104	TRUE	NA	FALSE	NA	FALSE
GSE61304:GSM1501820	GSE61304:GSM1501849	0.9762930978767564	TRUE	NA	FALSE	NA	FALSE
GSE61304:GSM1501849	GSE61304:GSM1501879	0.9780937509449628	TRUE	NA	FALSE	NA	FALSE
