sample1	sample2	expr.similarity	expr.doppel	pheno.similarity	pheno.doppel	smokinggun.similarity	smokinggun.doppel
GSE57968:GSM1398814	GSE57968:GSM1398815	0.9881983938894046	TRUE	NA	FALSE	NA	FALSE
GSE57968:GSM1398848	GSE57968:GSM1398849	0.9875622359980573	TRUE	NA	FALSE	NA	FALSE
GSE57968:GSM1398850	GSE57968:GSM1398851	0.9888394829256831	TRUE	NA	FALSE	NA	FALSE
GSE57968:GSM1398854	GSE57968:GSM1398855	0.9899227244792236	TRUE	NA	FALSE	NA	FALSE
GSE57968:GSM1398862	GSE57968:GSM1398863	0.9910937583305207	TRUE	NA	FALSE	NA	FALSE
GSE58644:GSM1415998	GSE58644:GSM1416042	0.9820228397743764	TRUE	NA	FALSE	NA	FALSE
GSE58644:GSM1416000	GSE58644:GSM1416043	0.9812933416377839	TRUE	NA	FALSE	NA	FALSE
GSE58644:GSM1416084	GSE58644:GSM1416085	0.9964761028574675	TRUE	NA	FALSE	NA	FALSE
GSE58644:GSM1416061	GSE58644:GSM1416153	0.9892393040091605	TRUE	NA	FALSE	NA	FALSE
