sample1	sample2	expr.similarity	expr.doppel	pheno.similarity	pheno.doppel	smokinggun.similarity	smokinggun.doppel
GSE58984:GSM1423415	GSE58984:GSM1423425	0.9885245669434586	TRUE	NA	FALSE	NA	FALSE
GSE58984:GSM1423402	GSE58984:GSM1423427	0.9829675761577625	TRUE	NA	FALSE	NA	FALSE
GSE61304:GSM1501820	GSE61304:GSM1501849	0.9762930978767564	TRUE	NA	FALSE	NA	FALSE
GSE61304:GSM1501849	GSE61304:GSM1501879	0.9780937509449628	TRUE	NA	FALSE	NA	FALSE
