sample1	sample2	expr.similarity	expr.doppel	pheno.similarity	pheno.doppel	smokinggun.similarity	smokinggun.doppel
GSE5327:GSM120689	GSE5327:GSM120697	0.9608742149639753	TRUE	NA	FALSE	NA	FALSE
GSE5327:GSM120697	GSE5327:GSM120704	0.9694895136435916	TRUE	NA	FALSE	NA	FALSE
GSE58984:GSM1423415	GSE58984:GSM1423425	0.9885245669434586	TRUE	NA	FALSE	NA	FALSE
GSE58984:GSM1423402	GSE58984:GSM1423427	0.9829675761577625	TRUE	NA	FALSE	NA	FALSE
