sample1	sample2	expr.similarity	expr.doppel	pheno.similarity	pheno.doppel	smokinggun.similarity	smokinggun.doppel
GSE5764:GSM134693	GSE5764:GSM134694	0.9888525578130294	TRUE	NA	FALSE	NA	FALSE
GSE5764:GSM134693	GSE5764:GSM134695	0.9643134302594386	TRUE	NA	FALSE	NA	FALSE
GSE5764:GSM134694	GSE5764:GSM134695	0.966355999317343	TRUE	NA	FALSE	NA	FALSE
GSE7390:GSM178004	GSE7390:GSM178036	0.9879761946574783	TRUE	NA	FALSE	NA	FALSE
GSE5764:GSM134702	GSE7390:GSM177969	0.952067477881662	TRUE	NA	FALSE	NA	FALSE
