sample1	sample2	expr.similarity	expr.doppel	pheno.similarity	pheno.doppel	smokinggun.similarity	smokinggun.doppel
GSE61304:GSM1501820	GSE61304:GSM1501849	0.9762930978767564	TRUE	NA	FALSE	NA	FALSE
GSE61304:GSM1501849	GSE61304:GSM1501879	0.9780937509449628	TRUE	NA	FALSE	NA	FALSE
GSE8193:GSM202717	GSE8193:GSM202737	0.963163814660791	TRUE	NA	FALSE	NA	FALSE
GSE61304:GSM1501838	GSE8193:GSM202717	0.9570363968128558	TRUE	NA	FALSE	NA	FALSE
GSE61304:GSM1501856	GSE8193:GSM202717	0.9565246304938411	TRUE	NA	FALSE	NA	FALSE
