Dataset_ID	Variable	Min	Mean	Max	Num_Unique	Unique_Summary
GSE17907	age_of_diagnosis_year	31	49.857142857142854	80	32	31, 32, 33, 34, 35, 36, 37, 38, 39, 40, 43, 46, 47, 49, 51, 52, 55, 57, 58, 59, 60, 61, 62, 64, 67, 68, 70, 71, 72, 75, 80, NA
GSE17907	mfsdel_month	1.74	38.984102564102564	111.31	40	1.74, 8.41, 9.33, 9.89, 9.99, 10.28, 11.14, 11.47, 12.06, 12.29, 13.14, 14.52, 16.3, 16.69, 19.48, 24.02, 25.59, 30.75, 31.67, 32.66, 32.82, 35.98, 40.44, 40.94, 41.79, 48.95, 51.32, 53.55, 54.64, 56.9, 58.15, 59.79, 62.88, 80.49, 86.24, 89.69, 95.44, 97.64, 111.31, NA
