Dataset_ID	Variable	Min	Mean	Max	Num_Unique	Unique_Summary
GSE12276	survival_time_months	0	25.77948717948718	115	63	0, 3, 4, 5, 6, 7, 8, 9, 10, 11, 12, 13, 14, 15, 16, 17, 18, 19, 20, 21, 22, 23, 24, 25, 26, 27, 28, 29, 30, 31, 32, 33, 34, 35, 36, 38, 39, 40, 42, 43, 44, 46, 47, 48, 49, 50, 53, 54, 55, 58, 60, 61, 64, 69, 73, 83, 85, 94, 97, 99, 107, 115, NA
GSE12276	survival_time_months_2	0	35.44444444444444	115	10	0, 1, 16, 23, 30, 37, 39, 58, 115, NA
