Dataset_ID	Variable	Min	Mean	Max	Num_Unique	Unique_Summary
GSE16446	dmfs_time	63	1084.5607476635514	2162	105	63, 138, 160, 223, 249, 250, 254, 291, 314, 323, 344, 376, 379, 382, 396, 449, 464, 553, 558, 580, 589, 599, 620, 627, 635, 640, 641, 669, 675, 693, 710, 725, 732, 748, 771, 774, 777, 794, 823, 845, 860, 914, 919, 940, 942, 956, 961, 966, 977, 986, 991, 1008, 1019, 1022, 1027, 1041, 1072, 1082, 1125, 1130, 1132, 1145, 1150, 1159, 1207, 1208, 1259, 1305, 1308, 1310, 1336, 1349, 1358, 1366, 1376, 1379, 1390, 1404, 1408, 1414, 1572, 1589, 1647, 1673, 1678, 1719, 1724, 1727, 1748, 1772, 1781, 1834, 1839, 1852, 1856, 1998, 2011, 2019, 2051, 2055, 2069, 2086, 2114, 2162, NA
GSE16446	her2fish	0.71	2.487505376344086	11.56	66	0.71, 0.77, 0.84, 0.95, 0.98, 1, 1.01, 1.018, 1.02, 1.03, 1.04, 1.05, 1.06, 1.07, 1.08, 1.09, 1.1, 1.11, 1.12, 1.13, 1.15, 1.16, 1.17, 1.18, 1.19, 1.2, 1.22, 1.31, 1.33, 1.34, 1.64, 1.7, 1.76, 1.77, 2.25, 2.26, 2.3, 2.34, 2.47, 3.05, 3.25, 3.61, 3.7, 3.87, 3.96, 4.29, 4.4, 4.55, 4.6, 4.67, 4.81, 5.38, 5.42, 5.94, 6.37, 6.67, 6.96, 7.16, 7.18, 7.23, 7.44, 7.5, 8.08, 8.43, 11.56, NA
GSE16446	os_time	138	1175.2616822429907	2187	105	138, 314, 323, 359, 396, 431, 449, 464, 527, 547, 592, 599, 620, 630, 635, 640, 641, 669, 675, 693, 710, 725, 726, 732, 737, 748, 750, 771, 774, 777, 786, 794, 823, 845, 858, 860, 914, 919, 940, 942, 956, 961, 966, 972, 977, 986, 991, 1008, 1019, 1022, 1027, 1041, 1082, 1125, 1130, 1132, 1145, 1150, 1159, 1172, 1207, 1208, 1211, 1259, 1305, 1308, 1310, 1336, 1349, 1358, 1366, 1376, 1379, 1390, 1404, 1408, 1524, 1572, 1589, 1647, 1673, 1678, 1719, 1724, 1727, 1748, 1772, 1781, 1834, 1839, 1852, 1856, 1932, 1998, 2011, 2019, 2051, 2055, 2069, 2086, 2114, 2128, 2162, 2187, NA
