Dataset_ID	Variable	Min	Mean	Max	Num_Unique	Unique_Summary
GSE19615	age	32	53.88695652173913	85	39	32, 35, 36, 37, 38, 40, 41, 42, 43, 44, 45, 46, 47, 48, 49, 50, 53, 54, 55, 56, 57, 58, 59, 60, 62, 63, 64, 65, 66, 68, 71, 72, 74, 78, 79, 81, 82, 84, 85
GSE19615	distant_recurrence_free_survival_mo	1	16	35	13	1, 2, 6, 9, 14, 15, 16, 18, 21, 24, 27, 35, NA
GSE19615	patientid	6	293.31304347826085	828	115	6, 7, 9, 11, 12, 14, 21, 35, 58, 60, 65, 73, 74, 86, 87, 91, 92, 96, 119, 123, 126, 129, 131, 138, 142, 148, 150, 151, 154, 156, 157, 162, 164, 165, 168, 174, 175, 177, 178, 180, 182, 187, 192, 196, 203, 204, 206, 207, 212, 214, 219, 221, 222, 224, 227, 228, 229, 230, 231, 237, 238, 239, 246, 249, 252, 253, 254, 260, 262, 274, 281, 283, 292, 300, 308, 310, 316, 325, 330, 343, 362, 363, 365, 390, 396, 397, 400, 451, 488, 489, 498, 534, 537, 538, 552, 554, 558, 582, 588, 591, 598, 609, 612, 613, 621, 643, 651, 653, 656, 664, 665, 666, 670, 799, 828
GSE19615	time_of_followup_mo	36	66.04950495049505	88	41	36, 38, 39, 40, 47, 48, 49, 50, 51, 52, 53, 54, 55, 56, 57, 58, 59, 60, 62, 64, 65, 67, 69, 70, 71, 73, 74, 75, 76, 77, 78, 79, 80, 81, 82, 83, 85, 86, 87, 88, NA
GSE19615	tumor_size_cm	0.8	2.312173913043478	6.5	32	0.8, 0.9, 1, 1.1, 1.2, 1.3, 1.4, 1.5, 1.6, 1.7, 1.8, 1.9, 2, 2.1, 2.2, 2.3, 2.5, 2.6, 2.7, 2.8, 2.9, 3, 3.4, 3.5, 4, 4.2, 4.5, 5, 5.2, 5.5, 5.6, 6.5
