Dataset_ID	Variable	Min	Mean	Max	Num_Unique	Unique_Summary
GSE16391	age	41	61.18181818181818	78	25	41, 46, 51, 52, 53, 54, 55, 56, 57, 58, 59, 60, 62, 63, 65, 66, 67, 68, 69, 70, 71, 72, 74, 76, 78
GSE16391	t_rfs_months	11.105	35.94583636363637	65.873	50	11.105, 12.912, 13.503, 14.39, 18.924, 23.819, 24.871, 24.986, 25.035, 25.101, 25.166, 25.265, 25.298, 25.363, 25.364, 25.396, 25.429, 25.593, 25.758, 25.889, 26.152, 26.185, 27.302, 27.466, 27.893, 39.786, 39.951, 40.674, 41.068, 42.021, 42.908, 43.006, 44.386, 47.704, 48.723, 48.756, 48.986, 49.15, 50.497, 51.515, 54.407, 55.392, 55.885, 56.246, 58.283, 59.696, 60.156, 60.32, 62.16, 65.873
