Dataset_ID	Variable	Min	Mean	Max	Num_Unique	Unique_Summary
GSE2990	age	32	52.32142857142857	73	37	32, 34, 36, 38, 39, 40, 41, 42, 43, 44, 45, 46, 47, 48, 49, 50, 51, 52, 54, 55, 56, 57, 58, 59, 60, 61, 62, 63, 64, 65, 66, 68, 69, 70, 71, 73, NA
GSE2990	size	0	1.9488	6	33	0, 0.3, 0.7, 0.8, 0.9, 1, 1.1, 1.2, 1.3, 1.4, 1.5, 1.6, 1.7, 1.8, 1.9, 2, 2.1, 2.2, 2.3, 2.4, 2.5, 2.6, 2.8, 3, 3.1, 3.2, 3.3, 3.8, 4, 4.5, 5, 6, NA
GSE2990	time_rfs	61	2710.5245901639346	5305	114	61, 182, 213, 221, 252, 268, 274, 365, 426, 562, 648, 699, 729, 730, 790, 821, 851, 882, 942, 961, 965, 996, 1038, 1056, 1064, 1136, 1267, 1277, 1290, 1338, 1491, 1520, 1550, 1591, 1611, 1642, 1824, 1875, 1885, 1913, 1920, 2006, 2083, 2125, 2158, 2189, 2250, 2280, 2297, 2462, 2493, 2523, 2562, 2648, 2675, 2797, 2827, 3010, 3070, 3094, 3131, 3162, 3189, 3192, 3222, 3253, 3262, 3283, 3314, 3344, 3374, 3380, 3435, 3466, 3496, 3583, 3587, 3648, 3666, 3678, 3709, 3815, 3854, 3912, 3952, 4078, 4081, 4163, 4165, 4218, 4329, 4347, 4395, 4398, 4402, 4473, 4477, 4498, 4550, 4579, 4598, 4605, 4614, 4668, 4683, 4714, 4859, 4869, 4906, 5029, 5096, 5178, 5305, NA
