Dataset_ID	Variable	Min	Mean	Max	Num_Unique	Unique_Summary
GSE2603	age_at_dx	30	55.80808080808081	87	46	30, 31, 32, 33, 34, 37, 38, 39, 40, 41, 42, 43, 44, 46, 47, 48, 49, 50, 51, 52, 54, 55, 56, 57, 58, 59, 60, 61, 62, 63, 64, 65, 68, 70, 72, 73, 74, 75, 78, 80, 81, 82, 84, 86, 87, NA
GSE2603	all_lymph_nodes	2	20.484848484848484	39	32	2, 3, 4, 6, 8, 9, 10, 11, 12, 14, 15, 16, 17, 18, 19, 20, 21, 22, 23, 26, 27, 28, 29, 30, 31, 32, 33, 35, 36, 37, 39, NA
GSE2603	bmfs_yr	0.94	5.342560975609756	10.75	74	0.94, 0.95, 1.03, 1.18, 1.24, 1.3, 1.65, 1.67, 1.84, 2.3, 2.57, 3.24, 3.36, 3.58, 3.65, 3.68, 3.77, 3.9, 3.96, 3.97, 4.01, 4.05, 4.12, 4.18, 4.41, 4.42, 4.56, 4.59, 4.62, 5.07, 5.19, 5.23, 5.24, 5.39, 5.41, 5.5, 5.62, 5.71, 5.81, 5.82, 6.01, 6.07, 6.17, 6.21, 6.28, 6.36, 6.4, 6.45, 6.47, 6.5, 6.52, 6.77, 6.79, 6.86, 6.98, 7.08, 7.11, 7.19, 7.25, 7.28, 7.3, 7.32, 7.46, 7.57, 7.63, 7.86, 7.96, 8.04, 8.31, 8.74, 9.15, 10.74, 10.75, NA
GSE2603	lmfs_yr	0.77	5.5042682926829265	10.75	75	0.77, 1.03, 1.18, 1.24, 1.3, 1.34, 1.38, 1.58, 1.84, 2.3, 3.11, 3.22, 3.36, 3.47, 3.48, 3.58, 3.68, 3.77, 3.83, 3.9, 3.96, 3.97, 4.05, 4.07, 4.12, 4.18, 4.41, 4.42, 4.56, 5.07, 5.19, 5.23, 5.24, 5.41, 5.5, 5.62, 5.68, 5.81, 5.82, 6.05, 6.07, 6.17, 6.21, 6.28, 6.4, 6.45, 6.47, 6.5, 6.52, 6.79, 6.86, 6.96, 6.98, 7.08, 7.11, 7.19, 7.25, 7.28, 7.3, 7.32, 7.46, 7.53, 7.57, 7.58, 7.63, 7.86, 7.96, 8.04, 8.31, 8.74, 8.89, 9.15, 10.74, 10.75, NA
GSE2603	mfs_yr	0.67	5.172317073170732	10.75	73	0.67, 0.77, 0.94, 1.18, 1.24, 1.3, 1.38, 1.58, 1.84, 2.3, 2.57, 3.07, 3.11, 3.22, 3.24, 3.36, 3.47, 3.48, 3.58, 3.68, 3.77, 3.83, 3.9, 3.96, 3.97, 4.05, 4.12, 4.18, 4.41, 4.42, 4.56, 4.59, 5.07, 5.19, 5.23, 5.24, 5.39, 5.41, 5.5, 5.62, 5.81, 5.82, 6.07, 6.21, 6.28, 6.36, 6.4, 6.45, 6.47, 6.5, 6.52, 6.54, 6.77, 6.79, 6.86, 6.98, 7.08, 7.11, 7.19, 7.25, 7.28, 7.3, 7.32, 7.57, 7.63, 7.86, 8.04, 8.31, 8.74, 9.15, 10.74, 10.75, NA
GSE2603	pos_lymph_nodes	0	3.585858585858586	30	20	0, 1, 2, 3, 4, 5, 6, 7, 8, 10, 12, 15, 17, 18, 20, 22, 24, 29, 30, NA
GSE2603	tumor_size_cm	1.1	3.624242424242424	10	34	1.1, 1.3, 1.5, 1.7, 1.8, 2, 2.1, 2.2, 2.3, 2.4, 2.5, 2.6, 2.8, 2.9, 2.95, 3, 3.2, 3.5, 3.8, 3.9, 4, 4.1, 4.3, 4.5, 4.8, 5, 6, 6.1, 6.5, 7, 7.5, 8, 10, NA
