Dataset_ID	Variable	Min	Mean	Max	Num_Unique	Unique_Summary
GSE21653	age_at_diagnosis	24	54.47924528301887	85	60	24, 26, 28, 29, 30, 31, 32, 33, 34, 35, 36, 37, 38, 39, 40, 41, 42, 43, 44, 45, 46, 47, 48, 49, 50, 51, 52, 53, 54, 55, 56, 57, 58, 59, 60, 61, 62, 63, 64, 65, 66, 67, 68, 69, 70, 71, 72, 73, 74, 75, 76, 78, 79, 80, 81, 82, 83, 84, 85, NA
GSE21653	dfs_time_months	0	60.031190476190474	222.29	242	0, 3.35, 5.49, 6.21, 7.13, 7.36, 7.39, 7.43, 7.69, 7.75, 8.11, 8.21, 8.51, 9.2, 9.89, 10, 10.74, 10.94, 11.14, 11.24, 11.47, 11.86, 12, 12.42, 13.4, 14.03, 14.06, 14.52, 14.72, 15.41, 15.84, 16.3, 17.45, 17.71, 19.4, 19.48, 19.61, 19.65, 20.7, 21.82, 22.37, 22.57, 22.64, 22.74, 22.83, 24.02, 24.05, 24.38, 25.3, 25.56, 25.6, 25.76, 26.18, 26.28, 27.14, 27.4, 27.96, 28.06, 28.09, 28.35, 28.39, 28.62, 30.03, 30.42, 30.62, 30.75, 30.78, 31.11, 31.18, 31.51, 32.03, 32.13, 32.26, 32.66, 32.76, 32.82, 33.64, 35.09, 35.22, 35.42, 35.65, 35.75, 36.04, 36.44, 36.73, 36.9, 36.96, 37.52, 37.62, 37.75, 39.26, 39.29, 40.44, 40.71, 40.94, 41.63, 41.82, 42.05, 42.48, 42.61, 42.94, 43.7, 43.93, 45.08, 46.52, 47.15, 48.92, 48.95, 49.41, 49.68, 50.86, 51.02, 51.32, 51.38, 51.45, 51.75, 51.84, 52.3, 52.47, 53.36, 53.55, 53.98, 54.47, 54.7, 54.87, 55.16, 55.2, 55.43, 56.05, 57.07, 57.33, 57.43, 58.15, 58.35, 58.38, 58.64, 59.14, 59.53, 59.79, 60.22, 60.45, 60.78, 62.03, 62.29, 62.36, 62.88, 63.64, 66.04, 66.17, 66.23, 66.5, 66.99, 67.42, 67.88, 68.76, 68.8, 69.13, 69.78, 70.08, 70.87, 73.63, 73.89, 74.55, 75.96, 76.02, 77.08, 77.54, 79.41, 80.36, 80.49, 80.66, 82.1, 83.98, 85.13, 85.32, 85.72, 86.24, 89.13, 89.59, 89.69, 89.72, 90.15, 91.93, 92.39, 93.17, 93.67, 94.06, 94.32, 94.55, 94.65, 95.41, 95.44, 96.16, 97.08, 97.54, 97.64, 99.35, 99.61, 100.14, 100.27, 101.52, 102.74, 103.46, 104.57, 106.02, 107.24, 107.3, 107.43, 107.63, 109.93, 110, 111.31, 111.54, 113.77, 114.76, 115.61, 116.57, 117.98, 119.26, 120.54, 120.77, 121.46, 125.77, 129.41, 130.43, 131.71, 132.63, 135.03, 135.23, 140.35, 142, 142.55, 150.21, 150.83, 151.95, 157.44, 160.76, 166.08, 171.43, 189.08, 222.29, NA
