Dataset_ID	Variable	Min	Mean	Max	Num_Unique	Unique_Summary
GSE20194	age	26	51.985559566787	79	50	26, 28, 29, 30, 31, 32, 33, 34, 35, 36, 38, 39, 40, 41, 42, 43, 44, 45, 46, 47, 48, 49, 50, 51, 52, 53, 54, 55, 56, 57, 58, 59, 60, 61, 62, 63, 64, 65, 66, 67, 68, 69, 70, 71, 72, 73, 75, 77, 79, NA
GSE20194	er	0	48.24521072796935	100	19	0, 1, 2, 5, 10, 20, 25, 30, 40, 50, 70, 75, 80, 85, 90, 91, 95, 100, NA
GSE20194	nbefore	0	1.1299638989169676	3	5	0, 1, 2, 3, NA
GSE20194	tbefore	0	2.460144927536232	4	6	0, 1, 2, 3, 4, NA
