Dataset_ID	Variable	Min	Mean	Max	Num_Unique	Unique_Summary
GSE20685	age_at_diagnosis	24	47.8868501529052	84	53	24, 25, 27, 28, 29, 30, 31, 32, 33, 34, 35, 36, 37, 38, 39, 40, 41, 42, 43, 44, 45, 46, 47, 48, 49, 50, 51, 52, 53, 54, 55, 56, 57, 58, 59, 60, 61, 62, 63, 64, 66, 67, 68, 69, 70, 71, 72, 75, 77, 79, 81, 82, 84
GSE20685	follow_up_duration_years	0.4	7.891743119266055	14.1	112	0.4, 0.8, 0.9, 1, 1.2, 1.3, 1.4, 1.5, 1.6, 1.8, 1.9, 2, 2.1, 2.2, 2.3, 2.4, 2.5, 2.7, 2.9, 3.1, 3.3, 3.4, 3.5, 3.7, 3.8, 4, 4.1, 4.3, 4.6, 4.7, 4.9, 5, 5.1, 5.2, 5.3, 5.4, 5.5, 5.7, 5.8, 5.9, 6, 6.1, 6.2, 6.3, 6.4, 6.5, 6.6, 6.7, 6.8, 6.9, 7, 7.1, 7.2, 7.3, 7.4, 7.5, 7.7, 7.8, 7.9, 8, 8.1, 8.2, 8.3, 8.4, 8.5, 8.6, 8.7, 8.9, 9, 9.1, 9.2, 9.3, 9.4, 9.5, 9.6, 9.7, 9.8, 9.9, 10, 10.1, 10.2, 10.3, 10.4, 10.5, 10.6, 10.8, 10.9, 11, 11.1, 11.2, 11.3, 11.4, 11.5, 11.6, 11.7, 11.8, 11.9, 12.1, 12.2, 12.3, 12.4, 12.5, 12.6, 12.7, 12.8, 12.9, 13, 13.1, 13.2, 13.3, 13.8, 14.1
GSE20685	time_to_metastasis_years	0	2.8987951807228916	10.6	48	0, 0.2, 0.5, 0.7, 0.8, 0.9, 1, 1.1, 1.2, 1.3, 1.4, 1.5, 1.6, 1.7, 1.8, 2, 2.1, 2.4, 2.6, 2.7, 2.9, 3, 3.1, 3.2, 3.4, 3.5, 3.6, 3.7, 3.8, 3.9, 4, 4.1, 4.2, 4.7, 4.8, 5.1, 5.3, 5.7, 5.8, 5.9, 6.1, 6.7, 6.8, 7.3, 8.2, 8.8, 10.6, NA
GSE20685	time_to_relapse_years	0.2	4.236	11.2	25	0.2, 0.6, 0.7, 1.1, 1.2, 1.3, 1.5, 1.7, 2.3, 2.6, 3.5, 3.7, 4.3, 4.6, 5, 5.6, 6, 6.5, 7.2, 7.5, 8.1, 8.7, 9.5, 11.2, NA
