Dataset_ID	Variable	Min	Mean	Max	Num_Unique	Unique_Summary
GSE20271	age	26	50.91573033707865	74	43	26, 29, 31, 32, 34, 35, 36, 37, 38, 39, 40, 41, 42, 43, 44, 45, 46, 47, 48, 49, 50, 51, 52, 53, 54, 55, 56, 57, 58, 59, 60, 61, 62, 63, 64, 65, 66, 67, 68, 69, 71, 73, 74
GSE20271	her_2_ihc	0	1.125	3	5	0, 1, 2, 3, NA
GSE20271	prechemo_n	0	0.9830508474576272	3	5	0, 1, 2, 3, NA
GSE20271	prechemo_t	0	2.7005649717514126	4	6	0, 1, 2, 3, 4, NA
