Dataset_ID	Variable	Min	Mean	Max	Num_Unique	Unique_Summary
GSE24185	age	30	49.029126213592235	72	36	30, 31, 32, 33, 34, 37, 38, 39, 40, 41, 42, 43, 44, 45, 46, 47, 48, 49, 50, 51, 52, 53, 54, 55, 56, 57, 58, 59, 61, 62, 63, 65, 66, 67, 68, 72
GSE24185	bmi	19.1	28.850776699029126	58.47	97	19.1, 19.72, 19.92, 20.28, 20.4, 21.26, 21.64, 21.72, 22.06, 22.27, 22.41, 22.58, 22.59, 22.76, 23.05, 23.11, 23.14, 23.34, 23.53, 23.71, 23.74, 23.83, 23.88, 24, 24.02, 24.06, 24.17, 24.45, 24.61, 24.69, 24.91, 24.92, 25.06, 25.34, 25.56, 25.59, 25.81, 25.85, 26.18, 26.35, 26.64, 26.77, 26.99, 27.1, 27.18, 27.34, 27.61, 27.64, 27.92, 28.13, 28.25, 28.26, 28.84, 29, 29.21, 29.48, 29.75, 29.82, 29.86, 30, 30.04, 30.11, 30.12, 30.44, 30.67, 30.82, 31.02, 31.18, 31.2, 31.35, 31.49, 31.6, 31.89, 32.03, 32.25, 32.69, 32.89, 33.06, 33.12, 33.65, 34.41, 34.72, 35.26, 35.55, 35.94, 36.73, 37.25, 37.5, 38.19, 40.26, 40.4, 40.53, 42.24, 46.48, 46.62, 48.27, 58.47
