Dataset_ID	Variable	Min	Mean	Max	Num_Unique	Unique_Summary
GSE32518	age_at_dx	30	47.69090909090909	63	20	30, 34, 37, 41, 44, 45, 46, 47, 49, 50, 51, 52, 53, 55, 56, 57, 60, 61, 63, NA
GSE32518	er_percent_by_ihc	0	39.836363636363636	100	9	0, 5, 30, 80, 90, 91, 95, 100, NA
GSE32518	matched_pair	1	20	39	37	1, 2, 3, 4, 5, 6, 7, 8, 9, 10, 12, 13, 14, 15, 16, 17, 18, 19, 20, 21, 22, 23, 24, 25, 26, 27, 28, 30, 31, 32, 33, 34, 35, 36, 37, 38, 39
GSE32518	pr_percent_by_ihc	0	22.945454545454545	100	10	0, 1, 5, 10, 30, 60, 80, 90, 100, NA
GSE32518	pre_n	0	0.7636363636363637	3	5	0, 1, 2, 3, NA
GSE32518	pre_t	1	2.6	4	5	1, 2, 3, 4, NA
