Dataset_ID	Variable	Min	Mean	Max	Num_Unique	Unique_Summary
GSE4922_U133A	age_at_diagnosis	28	62.12449799196787	93	60	28, 29, 32, 34, 36, 37, 38, 39, 40, 41, 42, 43, 44, 45, 46, 47, 48, 49, 50, 51, 52, 53, 54, 55, 56, 57, 58, 59, 60, 61, 62, 63, 64, 65, 66, 67, 68, 69, 70, 71, 72, 73, 74, 75, 76, 77, 78, 79, 80, 81, 82, 83, 84, 85, 86, 87, 88, 90, 93, NA
GSE4922_U133A	dfs_time_yrs	0	7.141566265301205	12.75	100	0, 0.08333333, 0.16666667, 0.25, 0.33333333, 0.41666667, 0.5, 0.58333333, 0.66666667, 0.75, 0.83333333, 0.91666667, 1, 1.08333333, 1.16666667, 1.25, 1.5, 1.75, 1.83333333, 1.91666667, 2, 2.08333333, 2.16666667, 2.25, 2.33333333, 2.41666667, 2.5, 2.58333333, 2.66666667, 3, 3.08333333, 3.25, 3.33333333, 3.41666667, 3.58333333, 3.75, 4.08333333, 4.25, 4.41666667, 4.58333333, 4.66666667, 4.83333333, 4.91666667, 5, 5.33333333, 5.41666667, 5.5, 5.75, 5.91666667, 6, 6.08333333, 6.41666667, 6.5, 6.83333333, 7, 7.25, 7.41666667, 7.58333333, 7.91666667, 8.08333333, 8.41666667, 8.5, 8.58333333, 8.91666667, 9.08333333, 9.5, 9.58333333, 9.83333333, 9.91666667, 10, 10.08333333, 10.16666667, 10.25, 10.33333333, 10.41666667, 10.5, 10.58333333, 10.66666667, 10.75, 10.83333333, 10.91666667, 11, 11.08333333, 11.16666667, 11.25, 11.33333333, 11.41666667, 11.5, 11.58333333, 11.66666667, 11.75, 11.83333333, 12, 12.08333333, 12.16666667, 12.33333333, 12.41666667, 12.66666667, 12.75, NA
GSE4922_U133A	tumor_size_mm	2	22.43975903614458	130	46	2, 6, 7, 8, 9, 10, 11, 12, 13, 14, 14.11, 15, 16, 17, 18, 19, 20, 21, 22, 23, 24, 24.14, 25, 25.25, 26, 27, 28, 29, 30, 31, 32, 33, 35, 36, 38, 40, 41, 42, 45, 46, 50, 53, 60, 65, 130, NA
