Dataset_ID	Variable	Min	Mean	Max	Num_Unique	Unique_Summary
GSE5327	lung_met_free_survival_yr	0.363388	6.798662128982759	13.04098333	58	0.363388, 0.598360667, 0.765027333, 0.84153, 1.019125833, 1.800546667, 1.874316667, 2.219945, 3.469945, 3.662568333, 5, 5.090164167, 5.122950833, 5.218579167, 5.357923333, 5.696721667, 5.729508333, 5.748634167, 5.879781667, 5.939890833, 6.060109167, 6.142076667, 6.360655833, 6.644808333, 6.737705, 6.909835833, 6.931694167, 7.177595833, 7.193989167, 7.213115, 7.2896175, 7.3196725, 7.327869167, 7.360655833, 7.385245833, 7.489070833, 7.595628333, 7.6010925, 7.9972675, 8.019125833, 8.10929, 8.513658333, 8.565575, 8.606558333, 8.756833333, 8.86885, 9.286883333, 9.587433333, 9.704916667, 9.95355, 10.22130833, 10.57104167, 10.64480833, 10.84153333, 10.92895833, 11.3388, 12.62568333, 13.04098333
GSE5327	metastasis_free_survival_yr	0.363388	6.772800060017241	13.04098333	58	0.363388, 0.598360667, 0.765027333, 0.84153, 1.019125833, 1.800546667, 1.874316667, 1.969945, 2.412568333, 3.469945, 5, 5.090164167, 5.122950833, 5.218579167, 5.357923333, 5.696721667, 5.729508333, 5.748634167, 5.879781667, 5.939890833, 6.060109167, 6.142076667, 6.360655833, 6.644808333, 6.737705, 6.909835833, 6.931694167, 7.177595833, 7.193989167, 7.213115, 7.2896175, 7.3196725, 7.327869167, 7.360655833, 7.385245833, 7.489070833, 7.595628333, 7.6010925, 7.9972675, 8.019125833, 8.10929, 8.513658333, 8.565575, 8.606558333, 8.756833333, 8.86885, 9.286883333, 9.587433333, 9.704916667, 9.95355, 10.22130833, 10.57104167, 10.64480833, 10.84153333, 10.92895833, 11.3388, 12.62568333, 13.04098333
