Dataset_ID	Variable	Min	Mean	Max	Num_Unique	Unique_Summary
GSE58984	age	33	52.9468085106383	79	39	33, 34, 35, 36, 37, 38, 39, 40, 41, 42, 43, 44, 45, 47, 48, 49, 50, 51, 52, 53, 54, 55, 56, 57, 60, 61, 62, 64, 65, 66, 67, 68, 69, 70, 71, 72, 73, 77, 79
GSE58984	intratumoral_lymphocytic_infiltration	0	0.9361702127659575	15	6	0, 1, 3, 5, 10, 15
GSE58984	nodes_positive	0	2.4408602150537635	28	16	0, 1, 2, 3, 4, 5, 6, 7, 8, 11, 12, 13, 16, 18, 28, NA
GSE58984	stromal_lymphocytic_infiltration	0	13	95	18	0, 1, 2, 3, 5, 7, 10, 12, 15, 17, 20, 25, 30, 45, 51, 60, 70, 95
GSE58984	time_to_ddfs	201	1755.1702127659576	3729	92	201, 279, 470, 660, 701, 788, 844, 876, 880, 903, 914, 921, 966, 1000, 1012, 1062, 1124, 1139, 1175, 1297, 1312, 1372, 1388, 1408, 1421, 1430, 1453, 1457, 1459, 1469, 1471, 1483, 1492, 1498, 1508, 1518, 1521, 1539, 1610, 1629, 1637, 1666, 1668, 1689, 1723, 1726, 1735, 1748, 1757, 1774, 1780, 1810, 1820, 1822, 1845, 1846, 1892, 1896, 1921, 1943, 1985, 1993, 2000, 2117, 2155, 2161, 2170, 2180, 2201, 2216, 2218, 2219, 2223, 2252, 2267, 2272, 2304, 2315, 2397, 2420, 2495, 2541, 2544, 2562, 2621, 2665, 2786, 3077, 3125, 3517, 3645, 3729
GSE58984	tumor_size	10	31.387096774193548	77	36	10, 11, 13, 14, 15, 16, 17, 18, 19, 20, 21, 22, 23, 24, 25, 26, 28, 30, 31, 32, 33, 35, 37, 40, 44, 45, 49, 50, 52, 55, 56, 60, 70, 73, 77, NA
