Dataset_ID	Variable	Min	Mean	Max	Num_Unique	Unique_Summary
GSE62944_Normal	age_at_diagnosis	30	57.367924528301884	90	48	30, 31, 34, 37, 38, 39, 40, 41, 42, 43, 44, 45, 46, 47, 48, 49, 50, 51, 52, 53, 54, 55, 56, 57, 58, 59, 60, 62, 63, 64, 65, 66, 67, 68, 69, 71, 72, 73, 75, 77, 78, 79, 80, 81, 83, 87, 88, 90
GSE62944_Normal	birth_days_to	-32873	-21196.72380952381	-11204	106	-32873, -32871, -32404, -32295, -31805, -30339, -29751, -29529, -29335, -29104, -28974, -28724, -28706, -28699, -28609, -28529, -28403, -27400, -26684, -26426, -25974, -25289, -25136, -25119, -24940, -24719, -24266, -24262, -23972, -23851, -23628, -23397, -23380, -23366, -23224, -23168, -23103, -23006, -22896, -22703, -22222, -22199, -21981, -21949, -21933, -21856, -21628, -21534, -21397, -21386, -21228, -20863, -20795, -20678, -20675, -20625, -20425, -20374, -20049, -19781, -19701, -19479, -19327, -19192, -18875, -18839, -18691, -18524, -18519, -18237, -17715, -17465, -17221, -17172, -16887, -16824, -16757, -16736, -16719, -16688, -16504, -16363, -16289, -16174, -16163, -15980, -15942, -15903, -15593, -15533, -15283, -15078, -15055, -15027, -14920, -14854, -14755, -14532, -14494, -14175, -14090, -13836, -12525, -11379, -11204
GSE62944_Normal	initial_pathologic_dx_year	1995	2005.245283018868	2011	16	1995, 1996, 1997, 1998, 1999, 2000, 2001, 2002, 2003, 2004, 2006, 2007, 2008, 2009, 2010, 2011
GSE62944_Normal	last_contact_days_to	0	683.7323943661971	2876	66	0, 5, 14, 20, 21, 34, 38, 44, 48, 81, 98, 134, 160, 162, 178, 196, 225, 235, 239, 254, 297, 355, 411, 423, 450, 476, 477, 495, 525, 586, 633, 660, 702, 711, 713, 746, 755, 777, 827, 856, 867, 972, 974, 1080, 1117, 1132, 1156, 1170, 1203, 1224, 1247, 1270, 1374, 1386, 1394, 1464, 1467, 1471, 1492, 1519, 1569, 1641, 1686, 1733, 2876
GSE62944_Normal	lymph_nodes_examined	1	12.02	39	31	1, 2, 3, 4, 5, 6, 7, 8, 9, 10, 11, 12, 13, 15, 16, 17, 18, 19, 20, 21, 22, 23, 24, 25, 26, 27, 28, 29, 35, 39
GSE62944_Normal	lymph_nodes_examined_he_count	0	2.67	35	15	0, 1, 2, 3, 4, 5, 6, 7, 8, 9, 10, 12, 27, 35
