Dataset_ID	Variable	Min	Mean	Max	Num_Unique	Unique_Summary
GSE7378	age	29	56.18518518518518	86	22	29, 31, 34, 36, 37, 39, 40, 41, 42, 43, 44, 70, 71, 73, 74, 76, 78, 79, 80, 82, 84, 86
GSE7378	dfs_years	0.13	5.99462962962963	14.14	51	0.13, 0.46, 0.54, 0.74, 0.81, 0.85, 0.86, 1.01, 1.88, 2, 2.12, 2.19, 2.31, 2.47, 2.71, 2.84, 3.27, 3.78, 3.84, 4.29, 4.84, 5, 5.13, 5.14, 5.15, 5.38, 5.5, 6.2, 6.62, 6.82, 6.91, 6.99, 7.2, 7.8, 8.07, 8.12, 8.41, 8.56, 8.85, 9, 9.54, 10.98, 11.08, 11.25, 11.45, 11.69, 11.7, 11.97, 12.6, 12.72, 14.14
