Dataset_ID	Variable	Min	Mean	Max	Num_Unique	Unique_Summary
GSE81538	her2_sish_reading_1	0	0.35400516795865633	4	6	0, 1, 2, 3, 4
GSE81538	her2_sish_reading_2	0	0.3256997455470738	4	6	0, 1, 2, 3, 4
GSE81538	her2_sish_reading_3	0	0.2942708333333333	4	6	0, 1, 2, 3, 4
GSE81538	ki67_consensus	1	26.725925925925925	100	15	1, 5, 10, 15, 20, 25, 30, 35, 40, 50, 60, 70, 80, 90, 100
GSE81538	ki67_reading_1	1	29.069135802469138	100	17	1, 2, 3, 5, 10, 15, 20, 25, 30, 40, 50, 60, 70, 80, 90, 95, 100
GSE81538	ki67_reading_2	0	25.649382716049384	90	19	0, 1, 2, 3, 5, 10, 15, 20, 25, 30, 35, 40, 45, 50, 60, 70, 75, 80, 90
GSE81538	ki67_reading_3	1	25.88888888888889	95	23	1, 2, 3, 5, 8, 10, 15, 18, 20, 22, 23, 25, 30, 33, 35, 40, 50, 60, 70, 80, 85, 90, 95
