Dataset_ID	Variable	Min	Mean	Max	Num_Unique	Unique_Summary
GSE90521	age	27	58.88235294117647	87	12	27, 30, 32, 33, 39, 43, 44, 80, 82, 83, 86, 87
GSE90521	maximum_tumor_size_cm	1.5	2.888235294117647	4	11	1.5, 2, 2.2, 2.3, 2.5, 2.8, 3, 3.2, 3.5, 3.8, 4
