Dataset_ID	Variable	Min	Mean	Max	Num_Unique	Unique_Summary
GSE9195	age	42	64.23376623376623	82	30	42, 47, 49, 50, 51, 52, 55, 56, 58, 59, 60, 61, 62, 63, 64, 65, 66, 67, 68, 69, 70, 71, 72, 73, 74, 75, 76, 77, 80, 82
GSE9195	size	1.07	2.388571428571429	6	38	1.07, 1.08, 1.1, 1.2, 1.3, 1.38, 1.5, 1.57, 1.6, 1.69, 1.7, 1.8, 1.83, 1.85, 1.9, 1.97, 2, 2.1, 2.2, 2.25, 2.28, 2.3, 2.4, 2.5, 2.55, 2.6, 2.7, 2.8, 2.85, 2.9, 3, 3.1, 3.8, 4, 4.2, 4.5, 5, 6
GSE9195	t_dmfs	468	2894	4124	75	468, 771, 881, 1038, 1059, 1124, 1337, 1825, 1929, 1982, 2090, 2170, 2221, 2240, 2321, 2322, 2417, 2507, 2538, 2556, 2584, 2593, 2599, 2639, 2664, 2696, 2704, 2738, 2779, 2785, 2829, 2865, 2892, 2946, 2949, 2991, 2994, 3028, 3029, 3040, 3043, 3068, 3077, 3091, 3113, 3124, 3232, 3257, 3270, 3287, 3329, 3330, 3345, 3383, 3456, 3518, 3610, 3651, 3664, 3679, 3693, 3712, 3720, 3839, 3847, 3850, 3867, 3885, 3900, 3936, 3959, 3992, 4040, 4100, 4124
GSE9195	t_rfs	210	2834.5844155844156	4124	75	210, 468, 758, 881, 1038, 1059, 1124, 1276, 1615, 1629, 1825, 1982, 2090, 2170, 2221, 2240, 2321, 2322, 2417, 2507, 2538, 2556, 2584, 2593, 2599, 2639, 2664, 2704, 2738, 2779, 2785, 2829, 2865, 2892, 2946, 2949, 2991, 2994, 3028, 3029, 3040, 3043, 3068, 3077, 3091, 3113, 3124, 3232, 3257, 3270, 3287, 3329, 3345, 3383, 3456, 3518, 3610, 3651, 3664, 3679, 3693, 3712, 3720, 3839, 3847, 3850, 3867, 3885, 3900, 3936, 3959, 3992, 4040, 4100, 4124
